20260815000200_reconciliation_pre_tarifs_v2.sql	IDEMPOTENTE
20260816000201_tarifs_v2_catalogue.sql	NON_IDEMPOTENTE	ERROR:  new row for relation "plans_abonnement" violates check constraint "plans_abonnement_check"
20260816000202_admin_v1_roles_plateforme.sql	NON_IDEMPOTENTE	ERROR:  cannot change return type of existing function
20260816000203_promo_v1_administration_commerciale.sql	IDEMPOTENTE
20260816000204_c6b_corrections_premier_client.sql	IDEMPOTENTE
20260818000205_securiser_cout_horaire_employe.sql	NON_IDEMPOTENTE	ERROR:  relation "employes_cout_horaire" already exists
20260818000206_historiser_cout_horaire_pointage.sql	NON_IDEMPOTENTE	ERROR:  column "cout_horaire_applique" of relation "pointages" already exists
20260818000210_verrou_devis_accepte.sql	IDEMPOTENTE
20260818000211_paiements_et_anti_surfacturation.sql	IDEMPOTENTE
20260818000212_facture_lock_v1.sql	IDEMPOTENTE
20260818000213_avenants_v1_modele.sql	NON_IDEMPOTENTE	ERROR:  relation "avenants" already exists
20260818000214_avenants_v1_rpc.sql	IDEMPOTENTE
20260818000215_avenants_v1_integration_facturation.sql	IDEMPOTENTE
20260825000232_platform_function_signature_preflight_v2.sql	IDEMPOTENTE
20260825000233_admin_plateforme_julien_elsatia_fr.sql	NON_IDEMPOTENTE	ERROR:  new row for relation "plateforme_admins" violates check constraint "plateforme_admins_actif_requiert_utilisateur_id"
20260826000234_elsatia_multi_app_convergence_v1.sql	NON_IDEMPOTENTE	ERROR:  relation "applications_elsatia" already exists
20260826000235_platform_admin_uid_canonical_v1.sql	IDEMPOTENTE
20260826000236_platform_support_uid_security_v1.sql	NON_IDEMPOTENTE	ERROR:  constraint "plateforme_admins_statut_identite_check" for relation "plateforme_admins" already exists
20260826000237_platform_aal2_role_integrity_v1.sql	NON_IDEMPOTENTE	ERROR:  cannot change return type of existing function
20260826000238_platform_write_surface_hardening_v1.sql	IDEMPOTENTE
20260826000239_platform_support_isolation_audit_v1.sql	IDEMPOTENTE
20260826000240_platform_stripe_discount_consistency_v1.sql	NON_IDEMPOTENTE	ERROR:  relation "plateforme_operations_remise" already exists
20260826000241_platform_stripe_proof_webhook_coordination_v1.sql	NON_IDEMPOTENTE	ERROR:  column "preuve_serveur_id" of relation "plateforme_operations_remise" already exists
20260826000242_revoke_legacy_discount_rpcs_v1.sql	IDEMPOTENTE
20260827000236_plateforme_lire_entreprise_membres_v1.sql	IDEMPOTENTE
20260827000243_discount_column_guard_r71.sql	NON_IDEMPOTENTE	ERROR:  policy "discount_f4_operations_select" for table "plateforme_operations_remise" already exists
20260828000244_stripe_state_attestation_r72.sql	NON_IDEMPOTENTE	ERROR:  relation "configuration" already exists
20260828000245_stripe_discount_observation_r73.sql	IDEMPOTENTE
20260828000246_colors_functional_core_v1.sql	NON_IDEMPOTENTE	ERROR:  relation "colors_emplacements" already exists
20260828000247_colors_integrity_v11.sql	NON_IDEMPOTENTE	ERROR:  constraint "colors_mouvements_ajustement_motif_v11" for relation "colors_mouvements" already exists
20260828000248_colors_correctifs_v12.sql	NON_IDEMPOTENTE	ERROR:  relation "colors_nettoyages_photos" already exists
20260828000249_colors_security_cleanup_v13.sql	IDEMPOTENTE
20260830000236_elsatia_tools_r8_comptes_entitlements_sync.sql	NON_IDEMPOTENTE	ERROR:  relation "entitlements_utilisateurs_elsatia" already exists
20260830000237_elsatia_tools_r9_monetisation.sql	NON_IDEMPOTENTE	ERROR:  column "external_product_id" of relation "entitlements_utilisateurs_elsatia" already exists
20260831000238_elsatia_tools_r10_publication_multientreprise.sql	NON_IDEMPOTENTE	ERROR:  relation "tools_projects_company_local_unique" already exists
20260831000239_elsatia_tools_r10_suppression_compte.sql	NON_IDEMPOTENTE	ERROR:  relation "tools_demandes_suppression_compte" already exists
20260831000250_platform_promotion_aal2_hardening_v1.sql	IDEMPOTENTE
20260901000240_security_reconciliation_tools_entitlements_aal2_v1.sql	NON_IDEMPOTENTE	ERROR:  function tools_attribuer_entitlement_utilisateur_interne(uuid, text, text, text[], text, integer, timestamp with time zone, timestam
20260901000251_platform_lister_admins_statut_identite_v1.sql	IDEMPOTENTE
20260901000252_residual_acl_hardening_r74.sql	NON_IDEMPOTENTE	ERROR:  function "support_messages_entreprise" already exists with same argument types
20260901000253_support_message_author_guard_r75.sql	NON_IDEMPOTENTE	ERROR:  function "support_envoyer_message_entreprise" already exists with same argument types
20260901000254_migration_canonicalization_v2.sql	IDEMPOTENTE
20260902000255_acl_reconciliation_v1.sql	NON_IDEMPOTENTE	ERROR:  function public.enregistrer_reception_commande(uuid, uuid, jsonb) does not exist
20260903000256_active_person_capacity_r1_v1.sql	IDEMPOTENTE
20260903000257_modules_a_la_carte_r3_v1.sql	IDEMPOTENTE
20260903000258_capacity_stripe_r2_v1.sql	NON_IDEMPOTENTE	ERROR:  constraint "entreprises_capacite_planifiee_operation_fk" for relation "entreprises" already exists
20260903000259_capacity_stripe_r2_b_v1.sql	IDEMPOTENTE
20260903000260_capacity_stripe_r2_d_cancel_scheduled_v1.sql	IDEMPOTENTE
20260903000261_capacity_stripe_r2_d_close_converged_op_v1.sql	IDEMPOTENTE
20260904000262_stripe_subscription_webhook_acl_v1.sql	IDEMPOTENTE
20260904000263_stripe_subscription_lifecycle_closure_v1.sql	IDEMPOTENTE
20260904000264_entreprise_besoins_acl_fix_v1.sql	IDEMPOTENTE
20260905000265_essai_30_jours_modules_catalogue_v1.sql	IDEMPOTENTE
20260905000266_fix_module_gestion_pro_actif_entreprise_tenant_guard.sql	IDEMPOTENTE
20260905000267_revoke_authenticated_on_internal_capacity_boutique_rpcs.sql	IDEMPOTENTE
20260906000266_platform_global_owner_all_apps_v1.sql	IDEMPOTENTE
20260906000267_support_reply_notification_recipient_v1.sql	IDEMPOTENTE
20260906000268_reserves_v1_foundation_workflow_v1.sql	NON_IDEMPOTENTE	ERROR:  relation "reserves_transitions" already exists
20260907000269_reserves_v2_terrain_capture_v1.sql	NON_IDEMPOTENTE	ERROR:  policy "reserves_photos_storage_select" for table "objects" already exists
20260907000270_reserves_v3_collaboration_livrables_v1.sql	NON_IDEMPOTENTE	ERROR:  relation "reserves_annuaire_publication" already exists
20260908000271_colors_activity_history_v14.sql	IDEMPOTENTE
20260908000272_client_document_snapshot_v1.sql	IDEMPOTENTE
20260908000273_reserves_v5_offline_idempotence_v1.sql	NON_IDEMPOTENTE	ERROR:  policy "reserves_mutations_appliquees_select" for table "reserves_mutations_appliquees" already exists
20260908000274_client_legal_fields_v1.sql	IDEMPOTENTE
20260908000275_gp_subscriptions_modules_discounts_v1.sql	IDEMPOTENTE
20260908000276_platform_client_directory_index_v1.sql	IDEMPOTENTE
20260908000277_platform_support_access_communications_v1.sql	IDEMPOTENTE
20260908000278_contract_price_freeze_multiproduct_v1.sql	IDEMPOTENTE
20260909000279_reserves_photos_immuables_v1.sql	IDEMPOTENTE
20260909000280_platform_audit_log_bounded_v1.sql	IDEMPOTENTE
20260909000281_colors_finition_reference_nuancier_v15.sql	IDEMPOTENTE
20260912120000_studio_workspace_foundation.sql	NON_IDEMPOTENTE	ERROR:  relation "studio_workspaces" already exists
20260912140000_studio_media_upload.sql	NON_IDEMPOTENTE	ERROR:  relation "studio_media_limits" already exists
20260912160000_studio_project_management.sql	NON_IDEMPOTENTE	ERROR:  column "description" of relation "studio_projects" already exists
20260912230000_studio_timeline.sql	NON_IDEMPOTENTE	ERROR:  relation "studio_timelines" already exists
20260913010000_studio_render_engine.sql	NON_IDEMPOTENTE	ERROR:  relation "studio_render_jobs" already exists
20260913020000_studio_templates.sql	NON_IDEMPOTENTE	ERROR:  column "presentation" of relation "studio_timelines" already exists
20260913030000_studio_editor_transactions.sql	NON_IDEMPOTENTE	ERROR:  function "studio_save_editor" already exists with same argument types
20260913040000_studio_media_analysis.sql	NON_IDEMPOTENTE	ERROR:  relation "studio_media_analysis" already exists
20260921000299_correctif_debordement_numerotation_documents.sql	IDEMPOTENTE
20260921000300_correctif_perf_rls_lignes_devis_factures.sql	IDEMPOTENTE
20260921000301_index_journal_activite_created_at.sql	IDEMPOTENTE
20260921000302_correctif_deadlock_paiements_concurrents.sql	IDEMPOTENTE
20260921000303_index_trigram_recherche_listes.sql	IDEMPOTENTE
20260922000304_factures_relance_auto_exclue_verrou_v1.sql	NON_IDEMPOTENTE	ERROR:  verrouiller_facture_emise a été redéfinie depuis 20260908000272 (md5 579ca5018e36eaa247e194c708951868) : reporter 'relance_auto_e
20260922000305_document_partage_public_par_jeton.sql	IDEMPOTENTE
20260922000306_gp_pilot_paiement_avoir_idempotence.sql	IDEMPOTENTE
20260922000307_gp_pilot_echeance_gel_post_emission.sql	IDEMPOTENTE
20260922000308_gp_pilot_devis_entreprise_snapshot.sql	IDEMPOTENTE
20260922000309_gp_pilot_support_session_no_permanent_role.sql	IDEMPOTENTE
20260922000310_gp_pilot_rgpd_manifeste_fichiers.sql	IDEMPOTENTE
20260922000311_gp_pilot_notification_devis_accepte.sql	IDEMPOTENTE
20260922000312_gp_pilot_employes_annuaire_vue_restreinte.sql	IDEMPOTENTE
20260922000313_gp_pilot_document_partage_medias.sql	IDEMPOTENTE
20260922000314_gp_pilot_plateforme_admin_role_total.sql	IDEMPOTENTE
20260922000315_security_remediation_plateforme_admins_provisioning.sql	IDEMPOTENTE
20260922000316_security_remediation_anon_execute_revocation.sql	IDEMPOTENTE
20260922000317_correctif_troncature_next_reference.sql	IDEMPOTENTE
20260922000318_dashboard_indicateurs_bornes.sql	IDEMPOTENTE
20260922000319_dashboard_cache_totaux.sql	NON_IDEMPOTENTE	ERROR:  relation "entreprises_dashboard_cache" already exists
20260922000320_correctif_cache_dashboard_changement_entreprise.sql	IDEMPOTENTE
20260922000321_correctif_notification_devis_accepte_niveau.sql	IDEMPOTENTE
20260922000322_gp_reception_commande_stock_transactionnel_v1.sql	NON_IDEMPOTENTE	ERROR:  relation "receptions_idempotence" already exists
20260922000323_redteam_v3_authenticated_rpc_bypass_revocation.sql	IDEMPOTENTE
20260922000324_elsatia_tools_cloud_sync_entitlement_enforcement_v1.sql	IDEMPOTENTE
20260922000325_studio_signup_policy.sql	NON_IDEMPOTENTE	ERROR:  relation "studio_signup_policy" already exists
20260922000326_stripe_connect_boutique_webhook_closure_v1.sql	IDEMPOTENTE
20260922000327_purge_entreprise_supprimee.sql	NON_IDEMPOTENTE	ERROR:  cannot change return type of existing function
20260922000328_securiser_taux_horaire_facture_employe.sql	NON_IDEMPOTENTE	ERROR:  relation "employes_taux_facture" already exists
20260922000329_correctif_statut_avoir_emis_facture_origine.sql	IDEMPOTENTE
20260922000330_boutique_finaliser_commande_payee_concurrency_lock.sql	IDEMPOTENTE
20260923000326_cm06_garde_fou_suppression_commande_fournisseur.sql	IDEMPOTENTE
20260923000327_pl05_cloisonnement_lecture_affectations.sql	IDEMPOTENTE
20260923000331_purge_entreprise_architecture_v2.sql	NON_IDEMPOTENTE	ERROR:  relation "public.purge_entreprises_progres" does not exist
20260923000332_verrouillage_colonnes_commerciales_entreprises.sql	IDEMPOTENTE
20260923000333_horodatage_events_abonnement_et_delai_grace.sql	IDEMPOTENTE
20260923000334_pl02_garde_fou_affectation_employe_actif.sql	IDEMPOTENTE
20260923000346_convergence_acl_peut_consulter_affectation_employe.sql	IDEMPOTENTE
20260923000350_fa08_bascule_factures_en_retard.sql	IDEMPOTENTE
20260923000351_pl03_historique_affectations.sql	IDEMPOTENTE
20260923000352_pt08_regularisation_pointage_responsable.sql	IDEMPOTENTE
20260923000353_pe07_revocation_appareil_invalide_session.sql	IDEMPOTENTE
20260923000354_nf01_soumission_note_frais_justificatif_stocke.sql	IDEMPOTENTE
20260923000355_proteger_suspension_entreprise.sql	IDEMPOTENTE
20260923000400_purge_preuve_et_garde_annulation.sql	IDEMPOTENTE
20260926000501_rgpd_purge_facture_emise_reconciliation.sql	IDEMPOTENTE
20260926000502_rgpd_purge_contrats_acceptes_politique.sql	NON_IDEMPOTENTE	ERROR:  cannot change return type of existing function
20260926000503_reserves_qualification_correctifs_v1.sql	IDEMPOTENTE
20260926000504_rgpd_politique_contrats_conserver_minimise_retenue.sql	IDEMPOTENTE
20260926000505_rgpd_export_tables_enfants.sql	IDEMPOTENTE
20260926000506_rgpd_purge_commandes_fournisseurs_reconciliation.sql	IDEMPOTENTE
20260927000402_reserves_gp_integration_completion_v1.sql	IDEMPOTENTE
20260927000506_stripe_event_ordering_v1.sql	IDEMPOTENTE
20260927000507_stripe_trial_synchronization_v1.sql	IDEMPOTENTE
20260927000508_rgpd_dette_residuelle_historique_affectations_bon_commande.sql	IDEMPOTENTE
20260927000601_tools_releve_metre_foundation_v1.sql	NON_IDEMPOTENTE	ERROR:  relation "tools_releves" already exists
20260927000602_tools_releve_metre_lot2_complements.sql	NON_IDEMPOTENTE	ERROR:  relation "tools_offres_catalogue" already exists
20260927000603_tools_releve_metre_select_policy_ligne.sql	IDEMPOTENTE
20260927000604_tools_releve_metre_contrat_elements_v2.sql	IDEMPOTENTE
20260927000701_tools_releve_metre_lot3_structure_terrain.sql	NON_IDEMPOTENTE	ERROR:  column "client_nom" of relation "tools_releves_chantiers" already exists
20260927000801_tools_releve_metre_capture_media_v1.sql	NON_IDEMPOTENTE	ERROR:  column "metadata" of relation "tools_releves_medias" already exists
20260927100000_elsatia_identity_broker.sql	NON_IDEMPOTENTE	ERROR:  relation "elsatia_identity_subjects" already exists
20260928000101_tools_releve_metre_plan_2d_v1.sql	NON_IDEMPOTENTE	ERROR:  relation "tools_releves_plans" already exists
20260928000201_stripe_resubscription_flow_v1.sql	IDEMPOTENTE
20260928000301_reserves_hote_suspendu_lecture_seule_v1.sql	IDEMPOTENTE
20260928000401_tools_releve_metre_geometrie_batiment_v1.sql	IDEMPOTENTE
20260928000501_rgpd_conservation_contrats_parametrage_v2.sql	IDEMPOTENTE
20260928000601_tools_releve_surface_piece_sync_v1.sql	IDEMPOTENTE
20260928000701_tools_releve_metre_equipements_calques_v1.sql	IDEMPOTENTE
20260928000801_billing_lifecycle_cancel_terminal_v1.sql	IDEMPOTENTE
20260928000802_billing_lifecycle_plans_catalogue_canonical_v1.sql	IDEMPOTENTE
20260928000803_billing_lifecycle_trial_expiry_enforced_v1.sql	IDEMPOTENTE
20260928000804_per_app_commercial_suspension_v1.sql	NON_IDEMPOTENTE	ERROR:  column "suspension_globale_at" of relation "entreprises" already exists
20260928000805_security_redteam_v2_hardening_v1.sql	IDEMPOTENTE
20260928000806_employes_donnees_personnelles_acces_v1.sql	IDEMPOTENTE
20260928000807_incident_safe_mode_v1.sql	IDEMPOTENTE
20260928000808_stripe_webhook_reservations_orphelines_v1.sql	IDEMPOTENTE
20260928000809_tools_releve_metre_metres_revetements_v1.sql	NON_IDEMPOTENTE	ERROR:  column "metre" of relation "tools_releves_plans" already exists
20260928000810_tools_releve_metre_quantitatifs_ouvrages_v1.sql	NON_IDEMPOTENTE	ERROR:  relation "tools_releves_ouvrages_bibliotheque" already exists
20260928000811_v8_convergence_incident_gardes_v1.sql	IDEMPOTENTE
20260928000812_devis_recalc_totaux_par_instruction_v1.sql	NON_IDEMPOTENTE	ERROR:  trigger "recalc_devis_apres_insertion_lignes" for relation "lignes_devis" already exists
20261002000813_plateforme_annuaire_lecture_pure.sql	IDEMPOTENTE
20261002000901_acceptations_documents_legaux_v1.sql	IDEMPOTENTE
20261002001001_securite_residuel_entreprise_sans_membres_v1.sql	IDEMPOTENTE
20261002001002_stripe_prix_contractuel_periodicite_v1.sql	IDEMPOTENTE
20261002001003_stripe_facture_essai_zero_v1.sql	IDEMPOTENTE
20261002001101_finance_exports_agregats_exactitude_v1.sql	IDEMPOTENTE
20261002001102_pointage_planning_lecture_complete_v1.sql	IDEMPOTENTE
20261002001103_fiche_chantier_lecture_complete_v1.sql	IDEMPOTENTE
20261002001104_journal_ia_consommation_exacte_v1.sql	IDEMPOTENTE
20261002001105_pointages_gestion_totaux_mois_v1.sql	IDEMPOTENTE
20261002001106_modifier_facture_brouillon_sans_recalc_direct_v1.sql	IDEMPOTENTE
20261002001107_rentabilite_agregats_chantiers_v1.sql	IDEMPOTENTE
20261002001108_gp_fiches_agregats_v1.sql	IDEMPOTENTE
20261002001109_gp_pilotage_agregats_v1.sql	IDEMPOTENTE
20261002001110_plateforme_agregats_par_tenant_v1.sql	IDEMPOTENTE
20261002001111_gp_options_selecteurs_v1.sql	IDEMPOTENTE
20261002001112_banking_encryption_key_rotation_v1.sql	IDEMPOTENTE
20261002001113_rate_limit_consultation_connexion_v1.sql	IDEMPOTENTE
20261002001301_post_v9_service_role_fonctions_manquantes_v1.sql	IDEMPOTENTE
20261002001302_post_v9_sec4_entreprise_active_garde_v1.sql	IDEMPOTENTE
20261003000101_applications_bientot_non_utilisables_v1.sql	IDEMPOTENTE
20261003000102_plateforme_url_preview_proprietaire_v1.sql	IDEMPOTENTE
20261003000103_reserves_url_locale_port_distinct_v1.sql	IDEMPOTENTE
20261003000201_pont_upgrade_prod_phase0_lignes_entreprise_v1.sql	IDEMPOTENTE
20261003000202_pont_upgrade_prod_controle_lignes_v1.sql	IDEMPOTENTE
20261003001401_gp_facturation_remise_globale_reportee_v1.sql	IDEMPOTENTE
20261003001402_gp_paiement_double_envoi_v1.sql	IDEMPOTENTE
20261003001403_gp_facture_emise_non_annulable_v1.sql	IDEMPOTENTE
20261003001404_gp_pointage_oublie_doublon_plafond_v1.sql	IDEMPOTENTE
20261003001405_gp_pointages_totaux_hors_rejetes_v1.sql	IDEMPOTENTE
20261003001406_gp_chiffre_affaires_hors_brouillons_v1.sql	IDEMPOTENTE
20261003001407_gp_pointages_cout_horaire_confidentiel_v1.sql	IDEMPOTENTE
20261003001408_gp_saisie_garde_fous_base_v1.sql	NON_IDEMPOTENTE	ERROR:  constraint "chantiers_budget_previsionnel_positif_check" for relation "chantiers" already exists
20261003001501_push_file_durable_v1.sql	IDEMPOTENTE
20261003001502_relances_auto_candidats_eligibles_v1.sql	IDEMPOTENTE
20261003001503_rls_ensembles_entreprises_autorisees_v1.sql	NON_IDEMPOTENTE	ERROR:  RLS P1-C : policy affectations.membres affectations différente de V9.1, migration interrompue
20261003001504_taches_chantier_created_idx_v1.sql	IDEMPOTENTE
