1790625601	841172	39592	534324
1790625602	882708	48576	1195340
1790625603	938384	52472	1286160
1790625604	1069772	52816	1287648
1790625605	1077444	51936	1292248
1790625606	1079916	52284	1628724
1790625607	1084572	53484	1853576
1790625608	1083088	54060	1858988
1790625609	1094036	54244	1868200
1790625610	1505448	54704	1868764
1790625611	1691244	58104	1776492
1790625613	1784412	57480	1784164
1790625614	1803092	58324	1789248
1790625615	1833884	59488	1815564
1790625616	1842948	58264	1872476
1790625617	1843204	58516	1995412
1790625618	1851252	58832	2006144
1790625619	1756920	58908	2006612
1790625620	1760248	59116	2007604
1790625621	1776728	58936	2007672
1790625622	1777832	59240	2010996
1790625623	1768960	59936	2012140
1790625624	1794008	62172	2015668
1790625625	1806672	62672	2021808
1790625626	1807828	63304	2087988
1790625627	1806040	63720	2090392
1790625628	1767144	63644	2090392
1790625629	1767692	64048	2090392
1790625630	1773680	64076	2090392
