cas	ere	statut	description	sonde_bloquant_hors_fenetre	sonde_bloquant_perpetuel	sonde_info_tronque	sonde_bloquant_tronque_expire	resultat	debut_apres	fin_apres	etat_gp_apres
A1	pre231	essai	essai sans date, ancien (« essai perpétuel »)	0	1	0	0	OK	2026-07-05	2026-08-04	suspended
A2	pre231	essai	essai sans date, récent	0	0	0	0	OK	2026-09-23	2026-10-23	trial
A3	pre231	essai	essai, fin passée dans la fenêtre	0	0	0	0	OK	2026-08-04	2026-09-03	suspended
A4	pre231	essai	essai, fin future dans la fenêtre	0	0	0	0	OK	2026-09-23	2026-10-23	trial
A5	pre231	essai	essai Stripe, fin future > création + 30 (encore future après troncature)	0	0	1	0	OK	2026-09-13	2026-10-13	trial
A6	pre231	essai	essai Stripe, fin future > création + 30 (passée après troncature)	0	0	1	1	OK	2026-08-24	2026-09-23	suspended
A7	pre231	essai	fin d'essai antérieure à la création	1	0	0	0	ECHEC 20260816000204 : ERROR:  check constraint "entreprises_essai_dates_coherentes" of relation "entreprises" is violated by some row	—	—	—
A8	pre231	actif	legacy actif, aucune date (offre historique)	0	0	0	0	OK	2025-08-29	2025-09-28	active
A9	pre231	actif	legacy actif, vieil essai Stripe de 14 j	0	0	0	0	OK	2025-08-29	2025-09-12	active
A10	pre231	actif	actif, essai Stripe ancien > 30 j	0	0	1	0	OK	2026-06-25	2026-07-25	active
A11	pre231	annule	annulé, aucune date	0	0	0	0	OK	2025-12-07	2026-01-06	cancelled
A12	pre231	suspendu	suspendu, fin passée	0	0	0	0	OK	2026-03-17	2026-04-16	suspended
B1	post231	essai	essai trigger 231, fin future	0	0	0	0	OK	2026-09-23	2026-10-23	trial
B2	post231	essai	essai trigger 231, fin passée	0	0	0	0	OK	2026-08-24	2026-09-23	suspended
B3	post231	essai	essai : fin réécrite par Stripe > debut + 30 (future)	1	0	0	0	ECHEC 20260816000204 : ERROR:  check constraint "entreprises_essai_dates_coherentes" of relation "entreprises" is violated by some row	—	—	—
B4	post231	actif	converti après un essai Stripe > debut + 30	1	0	0	0	ECHEC 20260816000204 : ERROR:  check constraint "entreprises_essai_dates_coherentes" of relation "entreprises" is violated by some row	—	—	—
B5	post231	annule	annulé après un essai Stripe > debut + 30	1	0	0	0	ECHEC 20260816000204 : ERROR:  check constraint "entreprises_essai_dates_coherentes" of relation "entreprises" is violated by some row	—	—	—
B6	post231	essai	debut posé, fin effacée	0	0	0	0	OK	2026-09-23	2026-10-23	trial
B7	post231	actif	fin antérieure au début	1	0	0	0	ECHEC 20260816000204 : ERROR:  check constraint "entreprises_essai_dates_coherentes" of relation "entreprises" is violated by some row	—	—	—
B8	post231	suspendu	suspendu, fenêtre exacte	0	0	0	0	OK	2026-08-29	2026-09-28	suspended
