0.1|5.0|157718|17556|157718|select h.role_code from public.habilitations_applications_utilisateurs h join public.roles_applications_elsatia r on r.application_code = h.application_code and r.code = h.role_code and r.actif where h.entreprise_id = p_entreprise_id and h.utilisateur_id = auth.uid() and h.application_code = $2 and h.autorise and (h.valide_du is null or h.valide_du <= now()) and (h.va
0.1|4.2|158510|12385|158510|( auth.uid() is not null and ( ( public.est_plateforme_admin() and exists(select $3 from public.applications_elsatia a where a.code=p_application_code and a.actif) ) or ( p_entreprise_id is not null and public.est_membre_actif(p_entreprise_id) and exists( select $4 from public.acces_applications_entrepris
456.6|519.0|22|10045|22|WITH pgrst_source AS ( SELECT "public"."colors_seaux".*, row_to_json("colors_seaux_colors_emplacements_1".*)::jsonb AS "colors_emplacements" FROM "public"."colors_seaux" LEFT JOIN LATERAL ( SELECT "colors_emplacements_1"."id", "colors_emplacements_1"."nom", "colors_emplacements_1"."type" FROM "public"."colors_emplacements" AS "colors_emplacements_1" WHERE "colors_emplacements_1"."id" = "public"."
548.0|576.4|11|6027|11|WITH pgrst_source AS ( SELECT "public"."colors_seaux"."id" FROM "public"."colors_seaux" WHERE "public"."colors_seaux"."entreprise_id" = $1 AND "public"."colors_seaux"."etat" <> $2 LIMIT $3 OFFSET $4 ) , pgrst_source_count AS (SELECT $7 FROM "public"."colors_seaux" WHERE "public"."colors_seaux"."entreprise_id" = $5 AND "public"."colors_seaux"."etat" <> $6) SELECT (SELECT pg_catalog.count(*) 
426.0|437.6|11|4686|11|WITH pgrst_source AS ( SELECT "public"."colors_seaux".*, row_to_json("colors_seaux_colors_emplacements_1".*)::jsonb AS "colors_emplacements" FROM "public"."colors_seaux" LEFT JOIN LATERAL ( SELECT "colors_emplacements_1"."id", "colors_emplacements_1"."nom", "colors_emplacements_1"."type" FROM "public"."colors_emplacements" AS "colors_emplacements_1" WHERE "colors_emplacements_1"."id" = "public"."
0.0|4.1|158510|4217|158510|( not public.session_courante_revoquee() and ( public.est_acces_support_actif(p_entreprise_id) or exists ( select $2 from public.utilisateurs_entreprises ue join public.entreprises e on e.id = ue.entreprise_id where ue.entreprise_id = p_entreprise_id and ue.utilisateur_id = auth.uid() and ue.statut = $3 and e.abonnement_statut n
0.0|3.2|474738|2746|474738|( auth.uid() is not null and exists( select $1 from public.plateforme_admins where utilisateur_id = auth.uid() and actif and statut_identite = $2 ) )
0.0|0.7|158510|858|158510|( auth.uid() is not null and exists( select $2 from public.plateforme_acces_entreprises s join public.plateforme_admins pa on pa.utilisateur_id = auth.uid() and pa.actif and pa.statut_identite = $3 and pa.role in ($4,$5) where s.plateforme_user_id = auth.uid() and s.entreprise_id = p_entreprise_id and s.termine_at is null 
61.0|64.1|11|671|11|WITH pgrst_source AS ( SELECT "public"."colors_seaux".*, row_to_json("colors_seaux_colors_emplacements_1".*)::jsonb AS "colors_emplacements" FROM "public"."colors_seaux" LEFT JOIN LATERAL ( SELECT "colors_emplacements_1"."id", "colors_emplacements_1"."nom", "colors_emplacements_1"."type" FROM "public"."colors_emplacements" AS "colors_emplacements_1" WHERE "colors_emplacements_1"."id" = "public"."
38.4|49.9|11|422|11|WITH pgrst_source AS ( SELECT "public"."colors_seaux".*, row_to_json("colors_seaux_colors_emplacements_1".*)::jsonb AS "colors_emplacements" FROM "public"."colors_seaux" LEFT JOIN LATERAL ( SELECT "colors_emplacements_1"."id", "colors_emplacements_1"."nom", "colors_emplacements_1"."type" FROM "public"."colors_emplacements" AS "colors_emplacements_1" WHERE "colors_emplacements_1"."id" = "public"."
0.9|8.0|286|248|286|WITH pgrst_source AS (SELECT "pgrst_call".* FROM (SELECT $1 AS json_data) pgrst_payload, LATERAL (SELECT "p_entreprise_id" FROM json_to_record(pgrst_payload.json_data) AS _("p_entreprise_id" uuid) LIMIT $4) pgrst_body , LATERAL "public"."applications_autorisees"("p_entreprise_id" := pgrst_body."p_entreprise_id") pgrst_call) SELECT $5::bigint AS total_result_set, pg_catalog.count(_postgrest_t) AS p
2.7|6.1|77|211|77|WITH pgrst_source AS ( SELECT "public"."colors_emplacements"."id", "public"."colors_emplacements"."entreprise_id", "public"."colors_emplacements"."parent_id", "public"."colors_emplacements"."nom", "public"."colors_emplacements"."type", "public"."colors_emplacements"."description", "public"."colors_emplacements"."actif" FROM "public"."colors_emplacements" WHERE "public"."colors_emplacements"."ent
0.0|2.0|158510|130|158510|( exists ( select $1 from public.sessions_revoquees s where s.session_id = public.session_jwt_courante() ) )
0.4|6.8|286|124|286|select a.code,a.nom,$2::text, a.url_locale,a.url_preview,a.url_production,a.icone,$3 from public.applications_elsatia a where a.actif and public.est_plateforme_admin() union all select a.code,a.nom,hu.role_code, a.url_locale,a.url_preview,a.url_production,a.icone,$4 from public.applications_elsatia a join public.habilitations_applications_utilisateurs hu on hu.a
10.8|13.2|11|118|11|WITH pgrst_source AS (SELECT "pgrst_call".* FROM (SELECT $1 AS json_data) pgrst_payload, LATERAL (SELECT "p_entreprise_id" FROM json_to_record(pgrst_payload.json_data) AS _("p_entreprise_id" uuid) LIMIT $4) pgrst_body , LATERAL "public"."colors_acteurs_activite"("p_entreprise_id" := pgrst_body."p_entreprise_id") pgrst_call) SELECT $5::bigint AS total_result_set, pg_catalog.count(_postgrest_t) AS p
1.0|3.3|110|113|110|WITH pgrst_source AS (SELECT "pgrst_call".* FROM "public"."contexte_application_courant"() pgrst_call) SELECT $3::bigint AS total_result_set, pg_catalog.count(_postgrest_t) AS page_total, coalesce(json_agg(_postgrest_t), $4) AS body, nullif(current_setting($5, $6), $7) AS response_headers, nullif(current_setting($8, $9), $10) AS response_status, $11 AS response_inserted FROM (SELECT "record".* FRO
9.5|12.0|11|104|11|select distinct m.auteur_id, coalesce(nullif(btrim(coalesce(u.prenom,$2) || $3 || coalesce(u.nom,$4)), $5), $6) from public.colors_mouvements m join public.utilisateurs u on u.id = m.auteur_id where m.entreprise_id = p_entreprise_id and exists ( select $7 from public.utilisateurs_entreprises ue where ue.utilisateur_id = u.id and ue.entreprise_id = p_entrepri
0.3|5.5|220|70|220|WITH pgrst_source AS (SELECT pgrst_call.pgrst_scalar FROM (SELECT $1 AS json_data) pgrst_payload, LATERAL (SELECT "p_entreprise_id", "p_application_code" FROM json_to_record(pgrst_payload.json_data) AS _("p_entreprise_id" uuid, "p_application_code" text) LIMIT $4) pgrst_body , LATERAL (SELECT "public"."a_acces_application"("p_entreprise_id" := pgrst_body."p_entreprise_id", "p_application_code" := 
5.8|13.6|11|64|11|WITH pgrst_source AS ( SELECT "public"."colors_emplacements"."id" FROM "public"."colors_emplacements" WHERE "public"."colors_emplacements"."entreprise_id" = $1 AND "public"."colors_emplacements"."actif" = $2 LIMIT $3 OFFSET $4 ) , pgrst_source_count AS (SELECT $7 FROM "public"."colors_emplacements" WHERE "public"."colors_emplacements"."entreprise_id" = $5 AND "public"."colors_emplacements".
0.9|5.6|66|57|66|WITH pgrst_source AS ( SELECT "public"."colors_parametres"."seuil_stock_faible_pourcent" FROM "public"."colors_parametres" WHERE "public"."colors_parametres"."entreprise_id" = $1 LIMIT $2 OFFSET $3 ) SELECT $4::bigint AS total_result_set, pg_catalog.count(_postgrest_t) AS page_total, coalesce(json_agg(_postgrest_t), $5) AS body, nullif(current_setting($6, $7), $8) AS response_headers, nullif(
0.3|0.9|110|34|110|WITH pgrst_source AS (SELECT pgrst_call.pgrst_scalar FROM (SELECT $1 AS json_data) pgrst_payload, LATERAL (SELECT "p_application_code" FROM json_to_record(pgrst_payload.json_data) AS _("p_application_code" text) LIMIT $4) pgrst_body , LATERAL (SELECT "public"."assistance_bandeau"("p_application_code" := pgrst_body."p_application_code") pgrst_scalar) pgrst_call) SELECT $5::bigint AS total_result_se
3.0|3.8|11|33|11|WITH pgrst_source AS (SELECT "pgrst_call".* FROM (SELECT $1 AS json_data) pgrst_payload, LATERAL (SELECT "p_entreprise_id", "p_seau_id", "p_depuis", "p_types", "p_auteur_id", "p_emplacement_id", "p_limite", "p_avant_created_at", "p_avant_id" FROM json_to_record(pgrst_payload.json_data) AS _("p_entreprise_id" uuid, "p_seau_id" uuid, "p_depuis" timestamp with time zone, "p_types" text[], "p_auteur_i
2.9|8.8|11|32|11|WITH pgrst_source AS (SELECT "pgrst_call".* FROM (SELECT $1 AS json_data) pgrst_payload, LATERAL (SELECT "p_entreprise_id" FROM json_to_record(pgrst_payload.json_data) AS _("p_entreprise_id" uuid) LIMIT $4) pgrst_body , LATERAL "public"."colors_statistiques"("p_entreprise_id" := pgrst_body."p_entreprise_id") pgrst_call) SELECT $5::bigint AS total_result_set, pg_catalog.count(_postgrest_t) AS page_
2.6|9.3|11|29|11|WITH pgrst_source AS ( SELECT "public"."colors_seaux"."id" FROM "public"."colors_seaux" WHERE "public"."colors_seaux"."entreprise_id" = $1 AND NOT "public"."colors_seaux"."photo_principale_path" IS NULL LIMIT $2 OFFSET $3 ) , pgrst_source_count AS (SELECT $5 FROM "public"."colors_seaux" WHERE "public"."colors_seaux"."entreprise_id" = $4 AND NOT "public"."colors_seaux"."photo_principale_path" 
0.0|0.3|990|20|990|select set_config('search_path', $1, true), set_config('role', $2, true), set_config('request.jwt.claims', $3, true), set_config('request.method', $4, true), set_config('request.path', $5, true), set_config('request.headers', $6, true), set_config('request.cookies', $7, true)
0.1|1.1|110|15|110|select u.id,u.prenom,e.id,e.nom,public.est_plateforme_admin() from public.utilisateurs u join public.utilisateurs_entreprises ue on ue.utilisateur_id=u.id and ue.entreprise_id=u.entreprise_active_id and ue.statut=$1 join public.entreprises e on e.id=ue.entreprise_id where u.id=auth.uid() union all select au.id,u.prenom,$2::uuid,$3::text,$4 from auth.users au left join p
1.2|2.0|11|14|11|select count(s.id) filter(where s.etat<>$2),count(s.id) filter(where s.etat=$3), count(*) filter(where s.etat not in ($4,$5) and s.pourcentage_restant<=p.seuil), count(s.id) filter(where s.etat=$6),p.seuil from (select coalesce((select cp.seuil_stock_faible_pourcent from public.colors_parametres cp where cp.entreprise_id=p_entreprise_id),$7) seuil)p left join public.colors_seaux s on s
4.3|4.3|1|4|1|select id from auth.users where lower(email) = $1 and encrypted_password is not null and encrypted_password = extensions.crypt($2, encrypted_password)
0.0|0.1|221|4|221|select id, email, role, aud, raw_app_meta_data, raw_user_meta_data, created_at, updated_at, email_confirmed_at, last_sign_in_at, banned_until, deleted_at from auth.users where id = $1
0.3|0.5|11|3|440|select m.id, m.seau_id, m.type, m.created_at, m.motif, m.champs_modifies, m.quantite_avant, m.quantite_apres, m.pourcentage_avant, m.pourcentage_apres, m.unite, m.etat_avant, m.etat_apres, ea.nom, ep.nom, m.auteur_id, nullif(btrim(coalesce(u.prenom,$35) || $36 || coalesce(u.nom,$37)), $38), s.marque, s.produit, coalesce(s.teinte_nom, s.teinte_reference), s.couleur_hex, s.et
0.5|0.5|1|1|1|update auth.users set last_sign_in_at = now() where id = $1
0.0|0.0|110|0|0|select s.* from public.assistance_sessions s where s.acteur_id = auth.uid() and s.terminee_at is null and s.expire_at > now() and s.derniere_activite_at > now() - interval $1 limit $2
0.0|0.0|5|0|0|BEGIN ISOLATION LEVEL READ COMMITTED READ ONLY
0.0|0.0|5|0|0|SET client_encoding = 'UTF8'
0.0|0.0|5|0|0|SET client_min_messages TO WARNING
0.0|0.0|5|0|0|COMMIT
