1	20260815000200_reconciliation_pre_tarifs_v2	0
2	20260816000201_tarifs_v2_catalogue	0
3	20260816000202_admin_v1_roles_plateforme	1
4	20260816000203_promo_v1_administration_commerciale	1
5	20260816000204_c6b_corrections_premier_client	1
6	20260818000205_securiser_cout_horaire_employe	2
7	20260818000206_historiser_cout_horaire_pointage	2
8	20260818000210_verrou_devis_accepte	2
9	20260818000211_paiements_et_anti_surfacturation	2
10	20260818000212_facture_lock_v1	2
11	20260818000213_avenants_v1_modele	2
12	20260818000214_avenants_v1_rpc	2
13	20260818000215_avenants_v1_integration_facturation	2
14	20260825000232_platform_function_signature_preflight_v2	4
15	20260825000233_admin_plateforme_julien_elsatia_fr	4
16	20260826000234_elsatia_multi_app_convergence_v1	4
17	20260826000235_platform_admin_uid_canonical_v1	4
18	20260826000236_platform_support_uid_security_v1	4
19	20260826000237_platform_aal2_role_integrity_v1	2
20	20260826000238_platform_write_surface_hardening_v1	2
21	20260826000239_platform_support_isolation_audit_v1	2
22	20260826000240_platform_stripe_discount_consistency_v1	2
23	20260826000241_platform_stripe_proof_webhook_coordination_v1	2
24	20260826000242_revoke_legacy_discount_rpcs_v1	4
25	20260827000236_plateforme_lire_entreprise_membres_v1	4
26	20260827000243_discount_column_guard_r71	5
27	20260828000244_stripe_state_attestation_r72	5
28	20260828000245_stripe_discount_observation_r73	5
29	20260828000246_colors_functional_core_v1	5
30	20260828000247_colors_integrity_v11	5
31	20260828000248_colors_correctifs_v12	5
32	20260828000249_colors_security_cleanup_v13	5
33	20260830000236_elsatia_tools_r8_comptes_entitlements_sync	5
34	20260830000237_elsatia_tools_r9_monetisation	5
35	20260831000238_elsatia_tools_r10_publication_multientreprise	5
36	20260831000239_elsatia_tools_r10_suppression_compte	5
37	20260831000250_platform_promotion_aal2_hardening_v1	5
38	20260901000240_security_reconciliation_tools_entitlements_aal2_v1	5
39	20260901000251_platform_lister_admins_statut_identite_v1	5
40	20260901000252_residual_acl_hardening_r74	7
41	20260901000253_support_message_author_guard_r75	9
42	20260901000254_migration_canonicalization_v2	9
43	20260902000255_acl_reconciliation_v1	35
44	20260903000256_active_person_capacity_r1_v1	35
45	20260903000257_modules_a_la_carte_r3_v1	35
46	20260903000258_capacity_stripe_r2_v1	35
47	20260903000259_capacity_stripe_r2_b_v1	35
48	20260903000260_capacity_stripe_r2_d_cancel_scheduled_v1	35
49	20260903000261_capacity_stripe_r2_d_close_converged_op_v1	35
50	20260904000262_stripe_subscription_webhook_acl_v1	35
51	20260904000263_stripe_subscription_lifecycle_closure_v1	35
52	20260904000264_entreprise_besoins_acl_fix_v1	26
53	20260905000265_essai_30_jours_modules_catalogue_v1	26
54	20260905000266_fix_module_gestion_pro_actif_entreprise_tenant_guard	26
55	20260905000267_revoke_authenticated_on_internal_capacity_boutique_rpcs	26
56	20260906000266_platform_global_owner_all_apps_v1	26
57	20260906000267_support_reply_notification_recipient_v1	26
58	20260906000268_reserves_v1_foundation_workflow_v1	26
59	20260907000269_reserves_v2_terrain_capture_v1	26
60	20260907000270_reserves_v3_collaboration_livrables_v1	26
61	20260908000271_colors_activity_history_v14	26
62	20260908000272_client_document_snapshot_v1	26
63	20260908000273_reserves_v5_offline_idempotence_v1	26
64	20260908000274_client_legal_fields_v1	26
65	20260908000275_gp_subscriptions_modules_discounts_v1	26
66	20260908000276_platform_client_directory_index_v1	26
67	20260908000277_platform_support_access_communications_v1	26
68	20260908000278_contract_price_freeze_multiproduct_v1	26
69	20260909000279_reserves_photos_immuables_v1	26
70	20260909000280_platform_audit_log_bounded_v1	26
71	20260909000281_colors_finition_reference_nuancier_v15	26
72	20260912120000_studio_workspace_foundation	26
73	20260912140000_studio_media_upload	26
74	20260912160000_studio_project_management	26
75	20260912230000_studio_timeline	26
76	20260913010000_studio_render_engine	26
77	20260913020000_studio_templates	26
78	20260913030000_studio_editor_transactions	26
79	20260913040000_studio_media_analysis	26
80	20260921000298_pont_upgrade_lignes_factures_emises_avant_backfill	26
81	20260921000299_correctif_debordement_numerotation_documents	26
82	20260921000300_correctif_perf_rls_lignes_devis_factures	26
83	20260921000301_index_journal_activite_created_at	26
84	20260921000302_correctif_deadlock_paiements_concurrents	26
85	20260921000303_index_trigram_recherche_listes	26
86	20260921000399_pont_upgrade_lignes_factures_emises_apres_backfill	26
87	20260922000304_factures_relance_auto_exclue_verrou_v1	26
88	20260922000305_document_partage_public_par_jeton	26
89	20260922000306_gp_pilot_paiement_avoir_idempotence	28
90	20260922000307_gp_pilot_echeance_gel_post_emission	28
91	20260922000308_gp_pilot_devis_entreprise_snapshot	28
92	20260922000309_gp_pilot_support_session_no_permanent_role	23
93	20260922000310_gp_pilot_rgpd_manifeste_fichiers	23
94	20260922000311_gp_pilot_notification_devis_accepte	23
95	20260922000312_gp_pilot_employes_annuaire_vue_restreinte	23
96	20260922000313_gp_pilot_document_partage_medias	23
97	20260922000314_gp_pilot_plateforme_admin_role_total	23
98	20260922000315_security_remediation_plateforme_admins_provisioning	23
99	20260922000316_security_remediation_anon_execute_revocation	23
100	20260922000317_correctif_troncature_next_reference	23
101	20260922000318_dashboard_indicateurs_bornes	23
102	20260922000319_dashboard_cache_totaux	23
103	20260922000320_correctif_cache_dashboard_changement_entreprise	23
104	20260922000321_correctif_notification_devis_accepte_niveau	23
105	20260922000322_gp_reception_commande_stock_transactionnel_v1	23
106	20260922000323_redteam_v3_authenticated_rpc_bypass_revocation	23
107	20260922000324_elsatia_tools_cloud_sync_entitlement_enforcement_v1	23
108	20260922000325_studio_signup_policy	23
109	20260922000326_stripe_connect_boutique_webhook_closure_v1	23
110	20260922000327_purge_entreprise_supprimee	23
111	20260922000328_securiser_taux_horaire_facture_employe	23
112	20260922000329_correctif_statut_avoir_emis_facture_origine	23
113	20260922000330_boutique_finaliser_commande_payee_concurrency_lock	23
114	20260923000326_cm06_garde_fou_suppression_commande_fournisseur	23
115	20260923000327_pl05_cloisonnement_lecture_affectations	23
116	20260923000331_purge_entreprise_architecture_v2	23
117	20260923000332_verrouillage_colonnes_commerciales_entreprises	27
118	20260923000333_horodatage_events_abonnement_et_delai_grace	27
119	20260923000334_pl02_garde_fou_affectation_employe_actif	27
120	20260923000346_convergence_acl_peut_consulter_affectation_employe	27
121	20260923000350_fa08_bascule_factures_en_retard	27
122	20260923000351_pl03_historique_affectations	27
123	20260923000352_pt08_regularisation_pointage_responsable	27
124	20260923000353_pe07_revocation_appareil_invalide_session	27
125	20260923000354_nf01_soumission_note_frais_justificatif_stocke	27
126	20260923000355_proteger_suspension_entreprise	27
127	20260923000400_purge_preuve_et_garde_annulation	27
128	20260926000501_rgpd_purge_facture_emise_reconciliation	27
129	20260926000502_rgpd_purge_contrats_acceptes_politique	27
130	20260926000503_reserves_qualification_correctifs_v1	27
131	20260926000504_rgpd_politique_contrats_conserver_minimise_retenue	27
132	20260926000505_rgpd_export_tables_enfants	27
133	20260926000506_rgpd_purge_commandes_fournisseurs_reconciliation	27
134	20260927000402_reserves_gp_integration_completion_v1	27
135	20260927000506_stripe_event_ordering_v1	27
136	20260927000507_stripe_trial_synchronization_v1	27
137	20260927000508_rgpd_dette_residuelle_historique_affectations_bon_commande	27
138	20260927000601_tools_releve_metre_foundation_v1	27
139	20260927000602_tools_releve_metre_lot2_complements	27
140	20260927000603_tools_releve_metre_select_policy_ligne	27
141	20260927000604_tools_releve_metre_contrat_elements_v2	27
142	20260927000701_tools_releve_metre_lot3_structure_terrain	27
143	20260927000801_tools_releve_metre_capture_media_v1	27
144	20260927100000_elsatia_identity_broker	27
145	20260928000101_tools_releve_metre_plan_2d_v1	27
146	20260928000201_stripe_resubscription_flow_v1	27
147	20260928000301_reserves_hote_suspendu_lecture_seule_v1	27
148	20260928000401_tools_releve_metre_geometrie_batiment_v1	27
149	20260928000501_rgpd_conservation_contrats_parametrage_v2	27
150	20260928000601_tools_releve_surface_piece_sync_v1	27
151	20260928000701_tools_releve_metre_equipements_calques_v1	27
152	20260928000801_billing_lifecycle_cancel_terminal_v1	27
153	20260928000802_billing_lifecycle_plans_catalogue_canonical_v1	27
154	20260928000803_billing_lifecycle_trial_expiry_enforced_v1	27
155	20260928000804_per_app_commercial_suspension_v1	27
156	20260928000805_security_redteam_v2_hardening_v1	27
157	20260928000806_employes_donnees_personnelles_acces_v1	37
158	20260928000807_incident_safe_mode_v1	37
159	20260928000808_stripe_webhook_reservations_orphelines_v1	37
160	20260928000809_tools_releve_metre_metres_revetements_v1	37
161	20260928000810_tools_releve_metre_quantitatifs_ouvrages_v1	37
162	20260928000811_v8_convergence_incident_gardes_v1	37
163	20260928000812_devis_recalc_totaux_par_instruction_v1	37
164	20261002000813_plateforme_annuaire_lecture_pure	37
165	20261002000901_acceptations_documents_legaux_v1	37
166	20261002001001_securite_residuel_entreprise_sans_membres_v1	37
167	20261002001002_stripe_prix_contractuel_periodicite_v1	37
168	20261002001003_stripe_facture_essai_zero_v1	37
169	20261002001101_finance_exports_agregats_exactitude_v1	37
170	20261002001102_pointage_planning_lecture_complete_v1	37
171	20261002001103_fiche_chantier_lecture_complete_v1	37
172	20261002001104_journal_ia_consommation_exacte_v1	37
173	20261002001105_pointages_gestion_totaux_mois_v1	37
174	20261002001106_modifier_facture_brouillon_sans_recalc_direct_v1	37
175	20261002001107_rentabilite_agregats_chantiers_v1	37
176	20261002001108_gp_fiches_agregats_v1	37
177	20261002001109_gp_pilotage_agregats_v1	37
178	20261002001110_plateforme_agregats_par_tenant_v1	37
179	20261002001111_gp_options_selecteurs_v1	37
180	20261002001112_banking_encryption_key_rotation_v1	37
181	20261002001113_rate_limit_consultation_connexion_v1	37
182	20261002001301_post_v9_service_role_fonctions_manquantes_v1	37
183	20261002001302_post_v9_sec4_entreprise_active_garde_v1	37
