1.0|9.6|855610|881647|855498|select h.role_code from public.habilitations_applications_utilisateurs h join public.roles_applications_elsatia r on r.application_code = h.application_code and r.code = h.role_code and r.actif where h.entreprise_id = p_entreprise_id and h.utilisateur_id = auth.uid() and h.application_code = $2 and h.autorise and (h.valide_du is null or h.valide_du <= now()) and (h.va
0.6|9.2|856450|529378|856450|select auth.uid() is not null and ( ( public.est_plateforme_admin() and exists(select $3 from public.applications_elsatia a where a.code=p_application_code and a.actif) ) or ( p_entreprise_id is not null and public.est_membre_actif(p_entreprise_id) and exists( select $4 from public.acces_applications_entreprises ae j
6584.5|7755.8|56|368734|56|WITH pgrst_source AS ( SELECT "public"."reserves"."id", "public"."reserves"."numero", "public"."reserves"."titre", "public"."reserves"."description", "public"."reserves"."statut", "public"."reserves"."priorite", "public"."reserves"."echeance", "public"."reserves"."photo_obligatoire_levee", "public"."reserves"."intervenant_id", "public"."reserves"."chantier_id", "public"."reserves"."plan_id", "publ
3875.0|5686.1|71|275124|71|WITH pgrst_source AS (SELECT "pgrst_call".* FROM (SELECT $1 AS json_data) pgrst_payload, LATERAL (SELECT "p_chantier_id", "p_intervenant_id", "p_statut", "p_priorite", "p_echeance_avant", "p_inclure_levees" FROM json_to_record(pgrst_payload.json_data) AS _("p_chantier_id" uuid, "p_intervenant_id" uuid, "p_statut" text, "p_priorite" text, "p_echeance_avant" date, "p_inclure_levees" boolean) LIMIT $
3870.8|5680.8|71|274825|251800|select r.id, r.numero, r.titre, r.description, r.statut, r.priorite, i.nom, i.corps_etat, pl.nom, pl.niveau, pl.zone, r.plan_page, r.position_x, r.position_y, r.echeance, r.photo_obligatoire_levee, (select count(*) from public.reserves_photos ph where ph.reserve_id = r.id and ph.disponible_at is not null and ph.supprimee_at is null), r.created
0.3|4.5|856498|257808|856498|select not public.session_courante_revoquee() and ( public.est_acces_support_actif(p_entreprise_id) or exists ( select $2 from public.utilisateurs_entreprises ue join public.entreprises e on e.id = ue.entreprise_id where ue.entreprise_id = p_entreprise_id and ue.utilisateur_id = auth.uid() and ue.statut = $3 and e.abonnement_statut not in ($4, $5
3867.0|5740.3|36|139212|36|WITH pgrst_source AS ( SELECT "public"."reserves"."id", "public"."reserves"."numero", "public"."reserves"."titre", "public"."reserves"."description", "public"."reserves"."statut", "public"."reserves"."priorite", "public"."reserves"."echeance", "public"."reserves"."photo_obligatoire_levee", "public"."reserves"."intervenant_id", "public"."reserves"."chantier_id", "public"."reserves"."plan_id", "publ
2866.2|5550.0|36|103183|36|WITH pgrst_source AS ( SELECT "public"."reserves"."id", "public"."reserves"."numero", "public"."reserves"."titre", "public"."reserves"."description", "public"."reserves"."statut", "public"."reserves"."priorite", "public"."reserves"."echeance", "public"."reserves"."photo_obligatoire_levee", "public"."reserves"."intervenant_id", "public"."reserves"."chantier_id", "public"."reserves"."plan_id", "publ
0.0|0.6|2568199|31377|2568199|select auth.uid() is not null and exists( select $1 from public.plateforme_admins where utilisateur_id = auth.uid() and actif and statut_identite = $2 )
6448.3|6560.9|4|25793|4|WITH pgrst_source AS (SELECT "pgrst_call".* FROM (SELECT $1 AS json_data) pgrst_payload, LATERAL (SELECT "p_entreprise_id", "p_chantier_id", "p_intervenant_id", "p_statut", "p_priorite", "p_echeance_avant" FROM json_to_record(pgrst_payload.json_data) AS _("p_entreprise_id" uuid, "p_chantier_id" uuid, "p_intervenant_id" uuid, "p_statut" text, "p_priorite" text, "p_echeance_avant" date) LIMIT $4) pg
6447.2|6560.3|4|25789|4|with visibles as ( select r.* from public.reserves r where (p_entreprise_id is null or r.entreprise_id = p_entreprise_id) and ( public.reserves_action_autorisee(r.entreprise_id, $7) or public.reserves_intervenant_courant(r.intervenant_id) ) and (p_chantier_id is null or r.chantier_id = p_chantier_id) and (p_intervenant_id is null or r.intervenant_id 
0.0|0.4|856498|17441|856498|select case when (auth.jwt() ->> $1) ~* $2 then (auth.jwt() ->> $3)::uuid end
628.2|1174.6|16|10051|16|WITH pgrst_source AS ( SELECT "public"."reserves"."id", "public"."reserves"."numero", "public"."reserves"."titre", "public"."reserves"."description", "public"."reserves"."statut", "public"."reserves"."priorite", "public"."reserves"."echeance", "public"."reserves"."photo_obligatoire_levee", "public"."reserves"."intervenant_id", "public"."reserves"."chantier_id", "public"."reserves"."plan_id", "publ
0.0|0.8|856498|6249|856498|select auth.uid() is not null and exists( select $2 from public.plateforme_acces_entreprises s join public.plateforme_admins pa on pa.utilisateur_id = auth.uid() and pa.actif and pa.statut_identite = $3 and pa.role in ($4,$5) where s.plateforme_user_id = auth.uid() and s.entreprise_id = p_entreprise_id and s.termine_at is null and s.commence_a
115.6|290.7|12|1387|12|WITH pgrst_source AS ( SELECT "public"."reserves"."id", "public"."reserves"."numero", "public"."reserves"."titre", "public"."reserves"."description", "public"."reserves"."statut", "public"."reserves"."priorite", "public"."reserves"."echeance", "public"."reserves"."photo_obligatoire_levee", "public"."reserves"."intervenant_id", "public"."reserves"."chantier_id", "public"."reserves"."plan_id", "publ
0.0|0.5|856498|1256|856498|select exists ( select $1 from public.sessions_revoquees s where s.session_id = public.session_jwt_courante() )
6.2|470.8|96|597|96|WITH pgrst_source AS (SELECT "pgrst_call".* FROM "public"."contexte_application_courant"() pgrst_call) SELECT $3::bigint AS total_result_set, pg_catalog.count(_postgrest_t) AS page_total, coalesce(json_agg(_postgrest_t), $4) AS body, nullif(current_setting($5, $6), $7) AS response_headers, nullif(current_setting($8, $9), $10) AS response_status, $11 AS response_inserted FROM (SELECT "record".* FRO
3.4|6.5|168|573|168|WITH pgrst_source AS (SELECT "pgrst_call".* FROM (SELECT $1 AS json_data) pgrst_payload, LATERAL (SELECT "p_entreprise_id" FROM json_to_record(pgrst_payload.json_data) AS _("p_entreprise_id" uuid) LIMIT $4) pgrst_body , LATERAL "public"."applications_autorisees"("p_entreprise_id" := pgrst_body."p_entreprise_id") pgrst_call) SELECT $5::bigint AS total_result_set, pg_catalog.count(_postgrest_t) AS p
3.0|5.4|168|499|168|select a.code,a.nom,$2::text, a.url_locale,a.url_preview,a.url_production,a.icone,$3 from public.applications_elsatia a where a.actif and public.est_plateforme_admin() union all select a.code,a.nom,hu.role_code, a.url_locale,a.url_preview,a.url_production,a.icone,$4 from public.applications_elsatia a join public.habilitations_applications_utilisateurs hu on hu.a
1.5|7.2|336|495|336|WITH pgrst_source AS (SELECT pgrst_call.pgrst_scalar FROM (SELECT $1 AS json_data) pgrst_payload, LATERAL (SELECT "p_entreprise_id", "p_application_code" FROM json_to_record(pgrst_payload.json_data) AS _("p_entreprise_id" uuid, "p_application_code" text) LIMIT $4) pgrst_body , LATERAL (SELECT "public"."a_acces_application"("p_entreprise_id" := pgrst_body."p_entreprise_id", "p_application_code" := 
8.8|16.6|40|352|40|WITH pgrst_source AS ( SELECT "public"."reserves_intervenants"."id", "public"."reserves_intervenants"."nom", "public"."reserves_intervenants"."corps_etat", "public"."reserves_intervenants"."statut", "public"."reserves_intervenants"."entreprise_intervenante_id", "public"."reserves_intervenants"."email_contact", "public"."reserves_intervenants"."telephone_contact", "public"."reserves_intervenants"."
93.1|278.4|3|279|3|select count(*) from reserves_historique where reserve_id=$1
13.8|81.7|12|165|12|WITH pgrst_source AS ( SELECT "public"."reserves_historique"."id", "public"."reserves_historique"."action", "public"."reserves_historique"."statut_avant", "public"."reserves_historique"."statut_apres", "public"."reserves_historique"."commentaire", "public"."reserves_historique"."created_at" FROM "public"."reserves_historique" WHERE "public"."reserves_historique"."reserve_id" = $1 ORDER BY "publ
54.7|163.2|3|164|3|select id from reserves where chantier_id=$1 order by numero desc limit $2
3.9|8.5|36|141|36|WITH pgrst_source AS (SELECT "pgrst_call".* FROM (SELECT $1 AS json_data) pgrst_payload, LATERAL (SELECT "p_chantier_id" FROM json_to_record(pgrst_payload.json_data) AS _("p_chantier_id" uuid) LIMIT $4) pgrst_body , LATERAL "public"."reserves_export_entete"("p_chantier_id" := pgrst_body."p_chantier_id") pgrst_call) SELECT $5::bigint AS total_result_set, pg_catalog.count(_postgrest_t) AS page_total
3.2|7.7|36|116|36|select c.nom, c.reference, c.adresse, c.code_postal, c.ville, c.statut, c.date_reception, coalesce(nullif(btrim(e.raison_sociale), $2), e.nom), e.siret, count(r.id), count(r.id) filter (where r.statut not in ($3,$4)), count(r.id) filter (where r.statut = $5), count(r.id) filter (where r.echeance < current_date and r.statut not in ($6,$7)) fro
9.2|15.5|8|74|8|WITH pgrst_source AS ( SELECT "public"."reserves_chantiers"."id", "public"."reserves_chantiers"."nom", "public"."reserves_chantiers"."reference", "public"."reserves_chantiers"."ville", "public"."reserves_chantiers"."statut", "public"."reserves_chantiers"."source", "public"."reserves_chantiers"."compteur_reserves" FROM "public"."reserves_chantiers" WHERE "public"."reserves_chantiers"."archived_at
2.9|4.4|24|70|24|WITH pgrst_source AS (SELECT "pgrst_call".* FROM (SELECT $1 AS json_data) pgrst_payload, LATERAL (SELECT "p_chantier_id" FROM json_to_record(pgrst_payload.json_data) AS _("p_chantier_id" uuid) LIMIT $4) pgrst_body , LATERAL "public"."reserves_export_intervenants"("p_chantier_id" := pgrst_body."p_chantier_id") pgrst_call) SELECT $5::bigint AS total_result_set, pg_catalog.count(_postgrest_t) AS page
2.5|4.1|24|61|24|select i.id, i.nom, i.corps_etat, i.statut, count(r.id), count(r.id) filter (where r.statut not in ($2,$3)), count(r.id) filter (where r.statut = $4) from public.reserves_intervenants i left join public.reserves r on r.intervenant_id = i.id where i.chantier_id = p_chantier_id and public.reserves_action_autorisee(i.entreprise_id, $5) group by i.id, i.nom, i.co
1.9|4.3|24|46|24|WITH pgrst_source AS ( SELECT "public"."reserves_intervenants"."id", "public"."reserves_intervenants"."nom", "public"."reserves_intervenants"."corps_etat", "public"."reserves_intervenants"."statut", "public"."reserves_intervenants"."entreprise_intervenante_id", "public"."reserves_intervenants"."email_contact", "public"."reserves_intervenants"."telephone_contact", "public"."reserves_intervenants"."
3.7|5.4|12|44|12|WITH pgrst_source AS (SELECT pgrst_call.pgrst_scalar FROM (SELECT $1 AS json_data) pgrst_payload, LATERAL (SELECT "p_reserve_id" FROM json_to_record(pgrst_payload.json_data) AS _("p_reserve_id" uuid) LIMIT $4) pgrst_body , LATERAL (SELECT "public"."reserves_lecture_seule_hote"("p_reserve_id" := pgrst_body."p_reserve_id") pgrst_scalar) pgrst_call) SELECT $5::bigint AS total_result_set, $6 AS page_t
0.4|2.7|96|41|96|select u.id,u.prenom,e.id,e.nom,public.est_plateforme_admin() from public.utilisateurs u join public.utilisateurs_entreprises ue on ue.utilisateur_id=u.id and ue.entreprise_id=u.entreprise_active_id and ue.statut=$1 join public.entreprises e on e.id=ue.entreprise_id where u.id=auth.uid() union all select au.id,u.prenom,$2::uuid,$3::text,$4 from auth.users au left join p
0.5|2.4|72|38|72|WITH pgrst_source AS (SELECT pgrst_call.pgrst_scalar FROM (SELECT "public"."reserves_messages_non_lus"() pgrst_scalar) pgrst_call) SELECT $3::bigint AS total_result_set, $4 AS page_total, coalesce(json_agg(_postgrest_t.pgrst_scalar)->$5, $6) AS body, nullif(current_setting($7, $8), $9) AS response_headers, nullif(current_setting($10, $11), $12) AS response_status, $13 AS response_inserted FROM (SE
2.6|4.5|12|31|12|WITH pgrst_source AS (SELECT "pgrst_call".* FROM (SELECT $1 AS json_data) pgrst_payload, LATERAL (SELECT "p_reserve_id" FROM json_to_record(pgrst_payload.json_data) AS _("p_reserve_id" uuid) LIMIT $4) pgrst_body , LATERAL "public"."reserves_photos_visibles"("p_reserve_id" := pgrst_body."p_reserve_id") pgrst_call) SELECT $5::bigint AS total_result_set, pg_catalog.count(_postgrest_t) AS page_total, 
0.4|3.0|72|28|72|WITH pgrst_source AS (SELECT pgrst_call.pgrst_scalar FROM (SELECT $1 AS json_data) pgrst_payload, LATERAL (SELECT "p_application_code" FROM json_to_record(pgrst_payload.json_data) AS _("p_application_code" text) LIMIT $4) pgrst_body , LATERAL (SELECT "public"."assistance_bandeau"("p_application_code" := pgrst_body."p_application_code") pgrst_scalar) pgrst_call) SELECT $5::bigint AS total_result_se
2.3|4.3|12|28|0|select ph.id, ph.usage, ph.legende, ph.storage_path, ph.mime_type, ph.taille_octets, ph.nom_fichier, ph.ajoutee_par_entreprise_id = ph.entreprise_id, ph.created_at from public.reserves_photos ph where ph.reserve_id = p_reserve_id and ph.disponible_at is not null and ph.supprimee_at is null and public.reserves_lecture_autorisee(p_reserve_id) order by ph.
0.3|2.5|104|26|104|select p_intervenant_id is not null and auth.uid() is not null and exists ( select $2 from public.reserves_intervenants i where i.id = p_intervenant_id and i.statut = $3 and i.entreprise_intervenante_id is not null and public.est_membre_actif(i.entreprise_intervenante_id) and public.a_acces_application(i.entreprise_intervenante_id, $4) 
0.4|1.8|72|26|72|WITH pgrst_source AS (SELECT pgrst_call.pgrst_scalar FROM (SELECT "public"."reserves_notifications_compteur"() pgrst_scalar) pgrst_call) SELECT $3::bigint AS total_result_set, $4 AS page_total, coalesce(json_agg(_postgrest_t.pgrst_scalar)->$5, $6) AS body, nullif(current_setting($7, $8), $9) AS response_headers, nullif(current_setting($10, $11), $12) AS response_status, $13 AS response_inserted FR
0.0|0.1|1276|26|1276|select set_config('search_path', $1, true), set_config('role', $2, true), set_config('request.jwt.claims', $3, true), set_config('request.method', $4, true), set_config('request.path', $5, true), set_config('request.headers', $6, true), set_config('request.cookies', $7, true)
2.0|2.8|12|24|12|WITH pgrst_source AS ( SELECT "public"."reserves"."id", "public"."reserves"."numero", "public"."reserves"."titre", "public"."reserves"."description", "public"."reserves"."statut", "public"."reserves"."priorite", "public"."reserves"."echeance", "public"."reserves"."photo_obligatoire_levee", "public"."reserves"."chantier_id", "public"."reserves"."intervenant_id", "public"."reserves"."position_x", "p
1.9|2.6|12|22|12|WITH pgrst_source AS ( SELECT "public"."reserves_chantiers"."id", "public"."reserves_chantiers"."nom", "public"."reserves_chantiers"."reference", "public"."reserves_chantiers"."ville", "public"."reserves_chantiers"."statut", "public"."reserves_chantiers"."source", "public"."reserves_chantiers"."compteur_reserves" FROM "public"."reserves_chantiers" WHERE "public"."reserves_chantiers"."id" = $1 
4.4|4.8|4|18|4|select id from auth.users where lower(email) = $1 and encrypted_password is not null and encrypted_password = extensions.crypt($2, encrypted_password)
0.0|0.1|220|6|220|select id, email, role, aud, raw_app_meta_data, raw_user_meta_data, created_at, updated_at, email_confirmed_at, last_sign_in_at, banned_until, deleted_at from auth.users where id = $1
0.3|0.7|16|5|16|select exists ( select $2 from public.reserves_intervenants i where i.chantier_id = p_chantier_id and public.reserves_intervenant_courant(i.id) )
0.5|1.1|4|2|4|update auth.users set last_sign_in_at = now() where id = $1
0.0|1.1|72|1|0|select s.* from public.assistance_sessions s where s.acteur_id = auth.uid() and s.terminee_at is null and s.expire_at > now() and s.derniere_activite_at > now() - interval $1 limit $2
0.0|0.0|96|1|96|select r.entreprise_id, r.intervenant_id from public.reserves r where r.id = p_reserve_id
0.0|0.0|76|0|76|select coalesce(sum( (select count(*) from public.reserves_messages m where m.conversation_id = c.id and m.auteur_id is distinct from auth.uid() and m.created_at > coalesce(lec.lu_jusqu_a, $1::timestamptz)) ), $2)::integer from public.reserves_conversations c left join public.reserves_conversations_lectures lec on lec.conversation_id = c.id and lec.utilisateur_id =
0.0|0.0|76|0|76|select count(*)::integer from public.reserves_evenements_notifications ev left join public.reserves_notifications_lectures lec on lec.evenement_id = ev.id and lec.utilisateur_id = auth.uid() where ev.destinataire_entreprise_id is not null and public.est_membre_actif(ev.destinataire_entreprise_id) and public.a_acces_application(ev.destinataire_entreprise_id, $1) and lec.utilis
0.0|0.1|12|0|12|WITH pgrst_source AS ( SELECT "public"."reserves_plans"."id", "public"."reserves_plans"."nom", "public"."reserves_plans"."niveau", "public"."reserves_plans"."zone", "public"."reserves_plans"."storage_path", "public"."reserves_plans"."mime_type", "public"."reserves_plans"."nom_fichier", "public"."reserves_plans"."taille_octets", "public"."reserves_plans"."ordre", "public"."reserves_plans"."nb_pages
0.0|0.1|12|0|12|WITH pgrst_source AS ( SELECT "public"."reserves_contacts"."id", "public"."reserves_contacts"."role", "public"."reserves_contacts"."nom", "public"."reserves_contacts"."fonction", "public"."reserves_contacts"."email", "public"."reserves_contacts"."telephone" FROM "public"."reserves_contacts" WHERE "public"."reserves_contacts"."chantier_id" = $1 ORDER BY "public"."reserves_contacts"."role" ASC , 
0.0|0.0|12|0|12|WITH pgrst_source AS ( SELECT "public"."reserves_messages"."id", "public"."reserves_messages"."contenu", "public"."reserves_messages"."created_at" FROM "public"."reserves_messages" ORDER BY "public"."reserves_messages"."created_at" ASC LIMIT $1 OFFSET $2 ) SELECT $3::bigint AS total_result_set, pg_catalog.count(_postgrest_t) AS page_total, coalesce(json_agg(_postgrest_t), $4) AS body, nullif(
0.0|0.0|4|0|0|BEGIN ISOLATION LEVEL READ COMMITTED READ ONLY
0.0|0.0|4|0|0|SET client_encoding = 'UTF8'
0.0|0.0|4|0|0|SET client_min_messages TO WARNING
0.0|0.0|4|0|0|COMMIT
