20261003000101_applications_bientot_non_utilisables_v1.sql	46 ms
20261003000102_plateforme_url_preview_proprietaire_v1.sql	60 ms
20261003000103_reserves_url_locale_port_distinct_v1.sql	61 ms
20261003000201_pont_upgrade_prod_phase0_lignes_entreprise_v1.sql	58 ms
20261003000202_pont_upgrade_prod_controle_lignes_v1.sql	63 ms
20261003001401_gp_facturation_remise_globale_reportee_v1.sql	52 ms
20261003001402_gp_paiement_double_envoi_v1.sql	48 ms
20261003001403_gp_facture_emise_non_annulable_v1.sql	66 ms
20261003001404_gp_pointage_oublie_doublon_plafond_v1.sql	59 ms
20261003001405_gp_pointages_totaux_hors_rejetes_v1.sql	63 ms
20261003001406_gp_chiffre_affaires_hors_brouillons_v1.sql	57 ms
20261003001407_gp_pointages_cout_horaire_confidentiel_v1.sql	46 ms
20261003001408_gp_saisie_garde_fous_base_v1.sql	46 ms
20261003001501_push_file_durable_v1.sql	56 ms
20261003001502_relances_auto_candidats_eligibles_v1.sql	47 ms
20261003001503_rls_ensembles_entreprises_autorisees_v1.sql	94 ms
20261003001504_taches_chantier_created_idx_v1.sql	53 ms
