etiquette,table,scenario,k,n_lignes_tenant,execution_ms,lignes
avant,devis,own_read_1000,11,1000,1074.5,1000
avant,devis,own_list_rls_only_50,11,1000,61709.3,50
avant,devis,own_count,11,1000,61567.8,1
avant,devis,own_page_milieu_50,11,1000,1116.7,50
avant,devis,cross_tenant_empty,11,1000,826.5,0
avant,factures,own_read_1000,11,1000,1024.7,1000
avant,factures,own_list_rls_only_50,11,1000,58799.5,50
avant,factures,own_count,11,1000,62049.3,1
avant,factures,own_page_milieu_50,11,1000,1137.4,50
avant,factures,cross_tenant_empty,11,1000,751.5,0
avant,clients,own_count,11,1000,3246.8,1
avant,clients,cross_tenant_empty,11,1000,41.7,0
avant,documents_chantier,own_count,11,1000,41971.5,1
avant,documents_chantier,cross_tenant_empty,11,1000,521.6,0
avant,chantiers,own_count,11,1000,3941.3,1
avant,taches,taches_d_un_chantier,11,1000,228.0,18
avant,taches,own_count,11,1000,8264.9,1
avant,notifications_utilisateurs,own_count,11,1000,68.2,1
avant,devis,own_read_1000,12,5000,1076.3,1000
avant,devis,own_list_rls_only_50,12,5000,62162.3,50
avant,devis,own_count,12,5000,61926.0,1
avant,devis,own_page_milieu_50,12,5000,5723.6,50
avant,devis,cross_tenant_empty,12,5000,3794.3,0
avant,factures,own_read_1000,12,5000,1001.6,1000
avant,factures,own_list_rls_only_50,12,5000,59390.7,50
avant,factures,own_count,12,5000,60536.5,1
avant,factures,own_page_milieu_50,12,5000,5465.6,50
avant,factures,cross_tenant_empty,12,5000,3788.6,0
avant,clients,own_count,12,5000,3141.8,1
avant,clients,cross_tenant_empty,12,5000,202.7,0
avant,documents_chantier,own_count,12,5000,46563.8,1
avant,documents_chantier,cross_tenant_empty,12,5000,2572.2,0
avant,chantiers,own_count,12,5000,4364.4,1
avant,taches,taches_d_un_chantier,12,5000,255.4,18
avant,taches,own_count,12,5000,9746.7,1
avant,notifications_utilisateurs,own_count,12,5000,268.4,1
avant,devis,own_read_1000,13,20000,1186.7,1000
avant,devis,own_list_rls_only_50,13,20000,66638.1,50
avant,devis,own_count,13,20000,66020.6,1
avant,devis,own_page_milieu_50,13,20000,23103.9,50
avant,devis,cross_tenant_empty,13,20000,15434.4,0
avant,factures,own_read_1000,13,20000,1098.1,1000
avant,factures,own_list_rls_only_50,13,20000,64333.7,50
avant,factures,own_count,13,20000,64304.4,1
avant,factures,own_page_milieu_50,13,20000,22826.4,50
avant,factures,cross_tenant_empty,13,20000,15050.4,0
avant,clients,own_count,13,20000,3351.8,1
avant,clients,cross_tenant_empty,13,20000,754.6,0
avant,documents_chantier,own_count,13,20000,58523.3,1
avant,documents_chantier,cross_tenant_empty,13,20000,10586.2,0
avant,chantiers,own_count,13,20000,5965.5,1
avant,taches,taches_d_un_chantier,13,20000,217.2,18
avant,taches,own_count,13,20000,14834.9,1
avant,notifications_utilisateurs,own_count,13,20000,1100.0,1
avant,devis,own_read_1000,14,50000,1096.0,1000
avant,devis,own_list_rls_only_50,14,50000,75286.6,50
avant,devis,own_count,14,50000,75334.6,1
avant,devis,own_page_milieu_50,14,50000,56760.5,50
avant,devis,cross_tenant_empty,14,50000,37310.0,0
avant,factures,own_read_1000,14,50000,1055.5,1000
avant,factures,own_list_rls_only_50,14,50000,73645.5,50
avant,factures,own_count,14,50000,74566.1,1
avant,factures,own_page_milieu_50,14,50000,56913.0,50
avant,factures,cross_tenant_empty,14,50000,38270.2,0
avant,clients,own_count,14,50000,3864.6,1
avant,clients,cross_tenant_empty,14,50000,1885.3,0
avant,documents_chantier,own_count,14,50000,91227.4,1
avant,documents_chantier,cross_tenant_empty,14,50000,28297.8,0
avant,chantiers,own_count,14,50000,12396.7,1
avant,taches,taches_d_un_chantier,14,50000,976.3,18
avant,taches,own_count,14,50000,58249.7,1
avant,notifications_utilisateurs,own_count,14,50000,2787.1,1
avant,devis,own_read_1000,15,100000,2344.4,1000
avant,devis,own_list_rls_only_50,15,100000,timeout,-
avant,devis,own_count,15,100000,timeout,-
avant,devis,own_page_milieu_50,15,100000,112221.8,50
avant,devis,cross_tenant_empty,15,100000,77422.5,0
avant,factures,own_read_1000,15,100000,1082.0,1000
avant,factures,own_list_rls_only_50,15,100000,timeout,-
avant,factures,own_count,15,100000,timeout,-
avant,factures,own_page_milieu_50,15,100000,114411.8,50
avant,factures,cross_tenant_empty,15,100000,78169.6,0
avant,clients,own_count,15,100000,8304.4,1
avant,clients,cross_tenant_empty,15,100000,3799.3,0
avant,documents_chantier,own_count,15,100000,timeout,-
avant,documents_chantier,cross_tenant_empty,15,100000,55115.6,0
avant,chantiers,own_count,15,100000,19497.0,1
avant,taches,taches_d_un_chantier,15,100000,246.3,18
avant,taches,own_count,15,100000,56320.6,1
avant,notifications_utilisateurs,own_count,15,100000,5952.7,1
