1790627864	7409436	39480	673004
1790627865	7411624	58896	1694948
1790627866	7419228	61648	1831172
1790627867	7433800	62972	1835460
1790627868	7510828	63988	1838568
1790627869	7366064	64120	1838704
1790627870	7387880	64120	1838704
1790627871	7292200	64120	1838704
1790627872	7284852	60824	1842116
1790627874	7286844	61232	2291632
1790627875	7286712	61512	2633680
1790627876	7286736	61880	2633612
1790627877	7307336	61260	2637124
1790627878	7300988	62000	2656892
1790627879	7302920	61300	2681748
1790627880	7294300	61356	2681812
1790627881	7310092	61560	2690272
1790627882	7305604	62208	2695992
1790627883	7310436	61996	2707348
1790627884	7311300	61996	2707348
1790627885	7311328	61996	2707348
1790627886	7307812	61592	2707348
1790627887	7334688	62328	2754100
1790627888	7322668	62568	2725780
1790627889	7342360	62984	2732756
1790627890	7362580	63104	2756780
1790627891	7330336	65040	2761616
1790627892	7354856	65504	2762132
1790627893	7380048	65692	2762720
1790627895	7335592	64336	2842220
1790627896	7317308	64680	2925340
1790627897	7318628	65484	2936392
1790627898	7324900	64912	2936648
1790627899	7342452	64992	2975420
1790627900	7343040	65664	2980728
1790627901	7327412	65788	2980984
1790627902	7347044	65232	2983024
1790627903	7330132	66520	2987916
1790627904	7345948	67020	2988172
1790627905	7343444	67052	2964868
1790627906	7348860	66532	2965204
1790627907	7347632	66532	2965460
1790627908	7341196	66612	2965716
1790627909	7353880	66552	2988424
1790627910	7359784	66904	2988808
1790627911	7326156	67800	2989248
1790627912	7336308	68868	2989524
1790627913	7341760	68908	2988428
1790627914	7341168	68868	2986176
1790627915	7324760	67772	3049596
1790627917	7348940	68008	3054424
1790627918	7345060	68688	3063020
1790627919	7327504	68384	3071540
1790627920	7356264	68552	3049040
1790627921	7328104	68804	3054536
1790627922	7330680	69336	3056028
1790627923	7331136	70352	3056348
1790627924	7334340	70356	3056604
1790627925	7354056	69924	3056860
1790627926	7352204	70312	3057756
1790627927	7357196	70428	3057948
1790627928	7338000	70732	3058204
1790627929	7338412	69916	3060276
1790627930	7338968	70388	3064992
