1790627615	7112412	39572	678320
1790627616	7114968	50132	1308420
1790627617	7127392	50036	1377608
1790627618	7114644	49936	1382984
1790627619	7114648	50456	2003648
1790627621	7113364	52108	2063236
1790627622	7115612	52220	2066940
1790627623	7116276	52692	2074240
1790627624	7116420	52532	2075504
1790627625	7120136	52532	2076772
1790627626	7120924	55772	2026724
1790627627	7124464	56224	2028504
1790627628	7120052	55752	2093684
1790627629	7120708	56248	2130292
1790627630	7124464	56440	2134572
1790627631	7122276	56344	2135596
1790627632	7122276	56072	2135864
1790627633	7136744	56156	2135864
1790627634	7136316	56688	2137648
1790627635	7132300	56872	2139524
1790627636	7134608	57260	2139524
1790627637	7136196	57632	2207668
1790627638	7123980	58148	2180708
1790627639	7124764	58248	2180772
1790627640	7125972	58428	2206828
1790627641	7129644	58296	2206836
