0.5|20.6|448421|209928|448421|select not public.session_courante_revoquee() and ( public.est_acces_support_actif(p_entreprise_id) or exists ( select $2 from public.utilisateurs_entreprises ue join public.entreprises e on e.id = ue.entreprise_id where ue.entreprise_id = p_entreprise_id and ue.utilisateur_id = auth.uid() and ue.statut = $3 and e.abonnement_statut not in ($4, $5
0.9|17.8|202991|182636|202991|select not public.session_courante_revoquee() and ( public.est_acces_support_actif(p_entreprise_id) or exists ( select $3 from public.utilisateurs_entreprises ue where ue.utilisateur_id = auth.uid() and ue.entreprise_id = p_entreprise_id and ue.statut = $4 and public.est_membre_actif(p_entreprise_id) and ( (p_permission = $5 and ue.po
7576.1|7958.5|21|159098|21|WITH pgrst_source AS ( SELECT "public"."pointages"."id", "public"."pointages"."date", "public"."pointages"."heures_normales", "public"."pointages"."heures_supplementaires", "public"."pointages"."latitude", "public"."pointages"."longitude", "public"."pointages"."verification_statut", "public"."pointages"."origine_pointage", "public"."pointages"."commentaire", row_to_json("pointages_employe_1".*)::j
1.7|19.6|69158|120422|69158|select ( public.est_membre_actif(p_entreprise_id) and ( public.a_permission(p_entreprise_id,$3) or public.a_permission(p_entreprise_id,$4) or ( public.a_permission(p_entreprise_id,$5) and exists( select $6 from public.employes e where e.entreprise_id=p_entreprise_id and e.utilisateur_id=auth.uid() and e.s
1.1|10.7|111468|117052|111468|select public.a_permission(p_entreprise_id,$3) or public.a_permission(p_entreprise_id,$4) or public.a_permission(p_entreprise_id,$5) or exists( select $6 from public.employes e where e.id = p_employe_id and e.entreprise_id = p_entreprise_id and e.utilisateur_id = auth.uid() and e.statut not in ($7,$8) )
1067.2|1348.5|42|44824|42|WITH pgrst_source AS ( SELECT "public"."chantiers"."id", "public"."chantiers"."nom" FROM "public"."chantiers" WHERE "public"."chantiers"."entreprise_id" = $1 AND NOT "public"."chantiers"."statut" = ANY ($2) ORDER BY "public"."chantiers"."nom" ASC LIMIT $3 OFFSET $4 ) SELECT $5::bigint AS total_result_set, pg_catalog.count(_postgrest_t) AS page_total, coalesce(json_agg(_postgrest_t), $6) AS b
1435.6|1664.6|21|30147|21|WITH pgrst_source AS ( SELECT "public"."lignes_devis".* FROM "public"."lignes_devis" WHERE "public"."lignes_devis"."devis_id" = $1 ORDER BY "public"."lignes_devis"."ordre" ASC LIMIT $2 OFFSET $3 ) SELECT $4::bigint AS total_result_set, pg_catalog.count(_postgrest_t) AS page_total, coalesce(json_agg(_postgrest_t), $5) AS body, nullif(current_setting($6, $7), $8) AS response_headers, nullif(cur
1396.2|2187.7|21|29319|21|WITH pgrst_source AS ( SELECT "public"."affectations"."id", "public"."affectations"."date", "public"."affectations"."heures", "public"."affectations"."tache", "public"."affectations"."type_activite", "public"."affectations"."lieu_activite", row_to_json("affectations_chantier_1".*)::jsonb AS "chantier", row_to_json("affectations_employe_1".*)::jsonb AS "employe" FROM "public"."affectations" LEFT JO
1082.1|1274.9|21|22724|21|WITH pgrst_source AS ( SELECT "public"."chantiers"."id", "public"."chantiers"."nom", "public"."chantiers"."statut", "public"."chantiers"."date_fin_prevue" FROM "public"."chantiers" WHERE "public"."chantiers"."entreprise_id" = $1 ORDER BY "public"."chantiers"."updated_at" DESC LIMIT $2 OFFSET $3 ) SELECT $4::bigint AS total_result_set, pg_catalog.count(_postgrest_t) AS page_total, coalesce(jso
1063.7|1144.9|21|22338|21|WITH pgrst_source AS (SELECT pgrst_call.pgrst_scalar FROM (SELECT $1 AS json_data) pgrst_payload, LATERAL (SELECT "p_entreprise_id", "p_recherche", "p_statut", "p_page", "p_taille" FROM json_to_record(pgrst_payload.json_data) AS _("p_entreprise_id" uuid, "p_recherche" text, "p_statut" text, "p_page" integer, "p_taille" integer) LIMIT $4) pgrst_body , LATERAL (SELECT "public"."chantiers_liste_pagin
1061.0|1142.5|21|22281|21|select coalesce(jsonb_agg(jsonb_build_object( $12, sub.id, $13, sub.reference_interne, $14, sub.nom, $15, sub.ville, $16, sub.statut, $17, sub.client_nom, $18, sub.client_prenom, $19, sub.client_societe ) order by sub.created_at desc), $20::jsonb), coalesce(max(sub.total_count), $21) from ( select c.id, c.reference
571.9|618.4|21|12010|21|WITH pgrst_source AS ( SELECT "public"."pointages"."id", "public"."pointages"."date", "public"."pointages"."heures_normales", "public"."pointages"."heures_supplementaires", "public"."pointages"."tache", "public"."pointages"."verification_statut", row_to_json("pointages_employe_1".*)::jsonb AS "employe" FROM "public"."pointages" LEFT JOIN LATERAL ( SELECT "employes_1"."prenom", "employes_1"."nom" F
0.0|6.1|651622|11099|651622|select case when (auth.jwt() ->> $1) ~* $2 then (auth.jwt() ->> $3)::uuid end
48.6|74.6|210|10211|210|WITH pgrst_source AS ( SELECT "public"."permissions_poste"."cle_permission" FROM "public"."permissions_poste" WHERE "public"."permissions_poste"."entreprise_id" = $1 AND "public"."permissions_poste"."poste_id" = $2 AND "public"."permissions_poste"."autorise" = $3 LIMIT $4 OFFSET $5 ) SELECT $6::bigint AS total_result_set, pg_catalog.count(_postgrest_t) AS page_total, coalesce(json_agg(_post
0.0|8.1|652042|4355|652042|select auth.uid() is not null and exists( select $2 from public.plateforme_acces_entreprises s join public.plateforme_admins pa on pa.utilisateur_id = auth.uid() and pa.actif and pa.statut_identite = $3 and pa.role in ($4,$5) where s.plateforme_user_id = auth.uid() and s.entreprise_id = p_entreprise_id and s.termine_at is null and s.commence_a
173.0|238.9|21|3634|21|WITH pgrst_source AS ( SELECT "public"."pointages"."date", "public"."pointages"."heures_normales", "public"."pointages"."heures_supplementaires", "public"."pointages"."verification_statut", "public"."pointages"."employe_id", "public"."pointages"."chantier_id" FROM "public"."pointages" WHERE "public"."pointages"."entreprise_id" = $1 AND "public"."pointages"."date" >= $2 AND "public"."pointages"
158.1|197.1|21|3320|21|WITH pgrst_source AS ( SELECT "public"."pointages"."id", "public"."pointages"."date", "public"."pointages"."heures_normales", "public"."pointages"."heures_supplementaires", "public"."pointages"."tache", "public"."pointages"."commentaire", "public"."pointages"."latitude", "public"."pointages"."longitude", "public"."pointages"."precision_metres", "public"."pointages"."verification_statut", "public".
139.0|375.6|21|2919|21|WITH pgrst_source AS (SELECT pgrst_call.pgrst_scalar FROM (SELECT $1 AS json_data) pgrst_payload, LATERAL (SELECT "p_entreprise_id", "p_aujourdhui" FROM json_to_record(pgrst_payload.json_data) AS _("p_entreprise_id" uuid, "p_aujourdhui" date) LIMIT $4) pgrst_body , LATERAL (SELECT "public"."dashboard_indicateurs"("p_entreprise_id" := pgrst_body."p_entreprise_id", "p_aujourdhui" := pgrst_body."p_au
60.0|97.3|42|2520|42|WITH pgrst_source AS ( SELECT "public"."employes"."id", "public"."employes"."prenom", "public"."employes"."nom" FROM "public"."employes" WHERE "public"."employes"."entreprise_id" = $1 AND "public"."employes"."statut" = $2 ORDER BY "public"."employes"."nom" ASC LIMIT $3 OFFSET $4 ) SELECT $5::bigint AS total_result_set, pg_catalog.count(_postgrest_t) AS page_total, coalesce(json_agg(_postgres
101.1|116.2|21|2123|21|WITH pgrst_source AS (SELECT pgrst_call.pgrst_scalar FROM (SELECT $1 AS json_data) pgrst_payload, LATERAL (SELECT "p_entreprise_id", "p_recherche", "p_statut", "p_page", "p_taille" FROM json_to_record(pgrst_payload.json_data) AS _("p_entreprise_id" uuid, "p_recherche" text, "p_statut" text, "p_page" integer, "p_taille" integer) LIMIT $4) pgrst_body , LATERAL (SELECT "public"."devis_liste_paginee"(
88.1|98.4|21|1851|21|select coalesce(jsonb_agg(jsonb_build_object( $12, sub.id, $13, sub.numero, $14, sub.statut, $15, sub.date_emission, $16, sub.montant_ttc, $17, sub.client_nom, $18, sub.client_prenom, $19, sub.client_societe, $20, case when public.peut_consulter_chantier(p_entreprise_id, sub.chantier_id) then sub.chantier_nom else $21 end ) order by s
86.6|106.3|21|1819|21|WITH pgrst_source AS ( SELECT "public"."lignes_factures".* FROM "public"."lignes_factures" WHERE "public"."lignes_factures"."facture_id" = $1 ORDER BY "public"."lignes_factures"."ordre" ASC LIMIT $2 OFFSET $3 ) SELECT $4::bigint AS total_result_set, pg_catalog.count(_postgrest_t) AS page_total, coalesce(json_agg(_postgrest_t), $5) AS body, nullif(current_setting($6, $7), $8) AS response_heade
69.6|99.3|21|1462|21|WITH pgrst_source AS ( SELECT "public"."employes"."id" FROM "public"."employes" WHERE "public"."employes"."entreprise_id" = $1 AND "public"."employes"."statut" = $2 LIMIT $3 OFFSET $4 ) SELECT $5::bigint AS total_result_set, pg_catalog.count(_postgrest_t) AS page_total, coalesce(json_agg(_postgrest_t), $6) AS body, nullif(current_setting($7, $8), $9) AS response_headers, nullif(current_setti
63.2|87.6|21|1326|21|WITH pgrst_source AS ( SELECT "public"."employes"."id", "public"."employes"."prenom", "public"."employes"."nom", "public"."employes"."poste" FROM "public"."employes" WHERE "public"."employes"."entreprise_id" = $1 AND NOT "public"."employes"."statut" = ANY ($2) ORDER BY "public"."employes"."nom" ASC LIMIT $3 OFFSET $4 ) SELECT $5::bigint AS total_result_set, pg_catalog.count(_postgrest_t) AS 
6.1|11.1|210|1283|210|WITH pgrst_source AS (SELECT "pgrst_call".* FROM (SELECT $1 AS json_data) pgrst_payload, LATERAL (SELECT "p_entreprise_id" FROM json_to_record(pgrst_payload.json_data) AS _("p_entreprise_id" uuid) LIMIT $4) pgrst_body , LATERAL "public"."applications_autorisees"("p_entreprise_id" := pgrst_body."p_entreprise_id") pgrst_call) SELECT $5::bigint AS total_result_set, pg_catalog.count(_postgrest_t) AS p
59.0|199.5|21|1239|21|select coalesce(jsonb_agg(jsonb_build_object( $3, f.id, $4, f.numero, $5, f.montant_ttc, $6, f.montant_paye, $7, f.date_echeance, $8, jsonb_build_object($9, cl.nom, $10, cl.prenom, $11, cl.societe) ) order by f.date_echeance), $12::jsonb) from public.factures f left join public.clients cl on cl.id = f.client_id
57.6|78.2|21|1210|21|WITH pgrst_source AS ( SELECT "public"."notifications_utilisateurs"."id", "public"."notifications_utilisateurs"."titre", "public"."notifications_utilisateurs"."message", "public"."notifications_utilisateurs"."lien", "public"."notifications_utilisateurs"."niveau", "public"."notifications_utilisateurs"."created_at" FROM "public"."notifications_utilisateurs" WHERE "public"."notifications_utilisateu
5.6|10.4|210|1167|0|select a.code,a.nom,$2::text, a.url_locale,a.url_preview,a.url_production,a.icone,$3 from public.applications_elsatia a where a.actif and public.est_plateforme_admin() union all select a.code,a.nom,hu.role_code, a.url_locale,a.url_preview,a.url_production,a.icone,$4 from public.applications_elsatia a join public.habilitations_applications_utilisateurs hu on hu.a
53.7|78.2|21|1128|21|WITH pgrst_source AS ( SELECT "public"."affectations"."heures" FROM "public"."affectations" WHERE "public"."affectations"."chantier_id" = $1 AND "public"."affectations"."entreprise_id" = $2 LIMIT $3 OFFSET $4 ) SELECT $5::bigint AS total_result_set, pg_catalog.count(_postgrest_t) AS page_total, coalesce(json_agg(_postgrest_t), $6) AS body, nullif(current_setting($7, $8), $9) AS response_head
0.9|4.9|1071|988|1071|select auth.uid() is not null and ( ( public.est_plateforme_admin() and exists(select $3 from public.applications_elsatia a where a.code=p_application_code and a.actif) ) or ( p_entreprise_id is not null and public.est_membre_actif(p_entreprise_id) and exists( select $4 from public.acces_applications_entreprises ae j
40.4|60.2|21|848|21|WITH pgrst_source AS ( SELECT "public"."affectations"."id", "public"."affectations"."date", "public"."affectations"."heures", "public"."affectations"."tache", row_to_json("affectations_chantier_1".*)::jsonb AS "chantier", row_to_json("affectations_employe_1".*)::jsonb AS "employe" FROM "public"."affectations" LEFT JOIN LATERAL ( SELECT "chantiers_1"."nom" FROM "public"."chantiers" AS "chantiers_1"
0.0|3.7|651622|798|651622|select exists ( select $1 from public.sessions_revoquees s where s.session_id = public.session_jwt_courante() )
36.3|113.6|21|762|21|select coalesce(jsonb_agg(jsonb_build_object( $3, d.id, $4, d.numero, $5, d.montant_ttc, $6, d.date_validite ) order by d.date_validite), $7::jsonb) from public.devis d where d.entreprise_id = p_entreprise_id and d.statut = $8 and d.date_validite is not null and d.date_validite <= p_aujourdhui + $9
26.2|36.2|21|551|21|WITH pgrst_source AS (SELECT pgrst_call.pgrst_scalar FROM (SELECT $1 AS json_data) pgrst_payload, LATERAL (SELECT "p_entreprise_id", "p_recherche", "p_statut", "p_page", "p_taille" FROM json_to_record(pgrst_payload.json_data) AS _("p_entreprise_id" uuid, "p_recherche" text, "p_statut" text, "p_page" integer, "p_taille" integer) LIMIT $4) pgrst_body , LATERAL (SELECT "public"."factures_liste_pagine
23.3|31.2|21|489|21|select coalesce(jsonb_agg(jsonb_build_object( $12, sub.id, $13, sub.numero, $14, sub.statut, $15, sub.date_emission, $16, sub.date_echeance, $17, sub.montant_ttc, $18, sub.montant_paye, $19, sub.client_nom, $20, sub.client_prenom, $21, sub.client_societe ) order by sub.created_at desc), $22::jsonb), coalesce(max(sub.total_count), $23), 
15.4|29.7|21|324|21|WITH pgrst_source AS ( SELECT "public"."devis"."id", "public"."devis"."numero", "public"."devis"."statut", "public"."devis"."montant_ttc" FROM "public"."devis" WHERE "public"."devis"."chantier_id" = $1 AND "public"."devis"."entreprise_id" = $2 ORDER BY "public"."devis"."created_at" DESC LIMIT $3 OFFSET $4 ) SELECT $5::bigint AS total_result_set, pg_catalog.count(_postgrest_t) AS page_total, 
1.5|5.0|210|323|210|WITH pgrst_source AS (SELECT pgrst_call.pgrst_scalar FROM (SELECT $1 AS json_data) pgrst_payload, LATERAL (SELECT "p_droits_acces", "p_droits_gestion" FROM json_to_record(pgrst_payload.json_data) AS _("p_droits_acces" text[], "p_droits_gestion" text[]) LIMIT $4) pgrst_body , LATERAL (SELECT "public"."contexte_acces_proxy"("p_droits_acces" := pgrst_body."p_droits_acces", "p_droits_gestion" := pgrst
1.5|8.0|210|320|210|WITH pgrst_source AS ( SELECT "public"."utilisateurs_entreprises"."poste_id", "public"."utilisateurs_entreprises"."pointage_personnel_actif" FROM "public"."utilisateurs_entreprises" WHERE "public"."utilisateurs_entreprises"."utilisateur_id" = $1 AND "public"."utilisateurs_entreprises"."entreprise_id" = $2 AND "public"."utilisateurs_entreprises"."statut" = $3 LIMIT $4 OFFSET $5 ) SELECT $6::
15.2|33.8|21|320|21|WITH pgrst_source AS ( SELECT "public"."taches"."id", "public"."taches"."libelle", "public"."taches"."description", "public"."taches"."statut", "public"."taches"."echeance", "public"."taches"."devis_id" FROM "public"."taches" WHERE "public"."taches"."chantier_id" = $1 ORDER BY "public"."taches"."created_at" ASC LIMIT $2 OFFSET $3 ) SELECT $4::bigint AS total_result_set, pg_catalog.count(_post
1.4|4.8|210|298|210|WITH pgrst_source AS ( SELECT "public"."entreprises"."option_ia_statut", "public"."entreprises"."option_ia_essai_fin", "public"."entreprises"."abonnement_offre" FROM "public"."entreprises" WHERE "public"."entreprises"."id" = $1 LIMIT $2 OFFSET $3 ) SELECT $4::bigint AS total_result_set, pg_catalog.count(_postgrest_t) AS page_total, coalesce(json_agg(_postgrest_t), $5) AS body, nullif(current_
12.6|20.7|21|265|21|WITH pgrst_source AS ( SELECT "public"."documents_chantier"."id", "public"."documents_chantier"."nom", "public"."documents_chantier"."categorie", "public"."documents_chantier"."note", "public"."documents_chantier"."mime_type", "public"."documents_chantier"."audience", "public"."documents_chantier"."created_at" FROM "public"."documents_chantier" WHERE "public"."documents_chantier"."chantier_id" =
1.2|3.2|210|252|210|WITH pgrst_source AS ( SELECT "public"."entreprises"."abonnement_offre" FROM "public"."entreprises" WHERE "public"."entreprises"."id" = $1 LIMIT $2 OFFSET $3 ) SELECT $4::bigint AS total_result_set, pg_catalog.count(_postgrest_t) AS page_total, coalesce(json_agg(_postgrest_t), $5) AS body, nullif(current_setting($6, $7), $8) AS response_headers, nullif(current_setting($9, $10), $11) AS respon
1.2|3.5|210|247|210|WITH pgrst_source AS ( SELECT "public"."utilisateurs_entreprises"."statut" FROM "public"."utilisateurs_entreprises" WHERE "public"."utilisateurs_entreprises"."utilisateur_id" = $1 AND "public"."utilisateurs_entreprises"."entreprise_id" = $2 LIMIT $3 OFFSET $4 ) SELECT $5::bigint AS total_result_set, pg_catalog.count(_postgrest_t) AS page_total, coalesce(json_agg(_postgrest_t), $6) AS body, n
1.1|5.4|210|238|210|WITH pgrst_source AS (SELECT "pgrst_call".* FROM "public"."contexte_abonnement_courant"() pgrst_call) SELECT $3::bigint AS total_result_set, pg_catalog.count(_postgrest_t) AS page_total, coalesce(json_agg(_postgrest_t), $4) AS body, nullif(current_setting($5, $6), $7) AS response_headers, nullif(current_setting($8, $9), $10) AS response_status, $11 AS response_inserted FROM (SELECT "record".* FROM
3.8|11.5|63|237|63|select exists(select $2 from public.documents_chantier d where d.id=p_document_id and public.est_membre_actif(d.entreprise_id) and ( public.a_permission(d.entreprise_id,$3) or exists( select $4 from public.employes e join public.equipes_chantiers ec on ec.employe_id=e.id and ec.entreprise_id=e.entreprise_id where e.utilisateur_id=auth.uid() and ec.chantier_id=d.chantier_id and (ec.date_
1.2|2.0|189|224|189|WITH pgrst_source AS ( SELECT "public"."entreprises"."abonnement_offre", "public"."entreprises"."abonnement_statut", "public"."entreprises"."abonnement_essai_debut", "public"."entreprises"."abonnement_essai_fin" FROM "public"."entreprises" WHERE "public"."entreprises"."id" = $1 LIMIT $2 OFFSET $3 ) SELECT $4::bigint AS total_result_set, pg_catalog.count(_postgrest_t) AS page_total, coalesce(j
10.1|16.5|21|213|21|WITH pgrst_source AS ( SELECT "public"."factures"."id", "public"."factures"."numero", "public"."factures"."statut", "public"."factures"."montant_ttc", "public"."factures"."montant_paye" FROM "public"."factures" WHERE "public"."factures"."chantier_id" = $1 AND "public"."factures"."entreprise_id" = $2 ORDER BY "public"."factures"."created_at" DESC LIMIT $3 OFFSET $4 ) SELECT $5::bigint AS tota
9.1|12.0|21|191|21|select coalesce(sum(montant_ttc), $2) from public.devis where entreprise_id = p_entreprise_id and statut = $3
8.2|12.6|21|172|21|WITH pgrst_source AS ( SELECT "public"."factures".*, row_to_json("factures_client_1".*)::jsonb AS "client", row_to_json("factures_chantier_1".*)::jsonb AS "chantier", row_to_json("factures_devis_1".*)::jsonb AS "devis" FROM "public"."factures" LEFT JOIN LATERAL ( SELECT "clients_1"."id", "clients_1"."nom", "clients_1"."prenom", "clients_1"."societe", "clients_1"."email" FROM "public"."clients" AS 
6.8|10.4|21|143|21|WITH pgrst_source AS ( SELECT "public"."devis"."id", "public"."devis"."numero", "public"."devis"."statut", "public"."devis"."chantier_id", row_to_json("devis_chantier_1".*)::jsonb AS "chantier" FROM "public"."devis" LEFT JOIN LATERAL ( SELECT "chantiers_1"."nom" FROM "public"."chantiers" AS "chantiers_1" WHERE "chantiers_1"."id" = "public"."devis"."chantier_id" LIMIT $1 OFFSET $2 ) AS "devis_ch
0.6|3.8|210|132|210|select e.id,e.nom,e.reference_interne,e.logo_url,e.abonnement_statut, e.abonnement_echeance,e.abonnement_essai_debut,e.abonnement_essai_fin, e.suspension_prevue_at,e.impaye_message,public.est_acces_support_actif(e.id) from public.utilisateurs u join public.entreprises e on e.id=u.entreprise_active_id where u.id=auth.uid()
0.0|0.6|4242|120|4242|select set_config('search_path', $1, true), set_config('role', $2, true), set_config('request.jwt.claims', $3, true), set_config('request.method', $4, true), set_config('request.path', $5, true), set_config('request.headers', $6, true), set_config('request.cookies', $7, true)
5.5|8.8|21|116|21|WITH pgrst_source AS (SELECT pgrst_call.pgrst_scalar FROM (SELECT $1 AS json_data) pgrst_payload, LATERAL (SELECT "p_chantier_gp_id" FROM json_to_record(pgrst_payload.json_data) AS _("p_chantier_gp_id" uuid) LIMIT $4) pgrst_body , LATERAL (SELECT "public"."reserves_etat_chantier_gp"("p_chantier_gp_id" := pgrst_body."p_chantier_gp_id") pgrst_scalar) pgrst_call) SELECT $5::bigint AS total_result_set
5.0|9.3|21|105|21|WITH pgrst_source AS ( SELECT "public"."chantiers".*, row_to_json("chantiers_client_1".*)::jsonb AS "client", row_to_json("chantiers_type_1".*)::jsonb AS "type" FROM "public"."chantiers" LEFT JOIN LATERAL ( SELECT "clients_1"."id", "clients_1"."nom", "clients_1"."prenom", "clients_1"."societe" FROM "public"."clients" AS "clients_1" WHERE "clients_1"."id" = "public"."chantiers"."client_id" LIMIT
0.5|1.5|210|102|210|WITH pgrst_source AS (SELECT pgrst_call.pgrst_scalar FROM (SELECT $1 AS json_data) pgrst_payload, LATERAL (SELECT "p_entreprise_id" FROM json_to_record(pgrst_payload.json_data) AS _("p_entreprise_id" uuid) LIMIT $4) pgrst_body , LATERAL (SELECT "public"."est_acces_support_actif"("p_entreprise_id" := pgrst_body."p_entreprise_id") pgrst_scalar) pgrst_call) SELECT $5::bigint AS total_result_set, $6 A
0.5|2.6|210|100|210|WITH pgrst_source AS (SELECT pgrst_call.pgrst_scalar FROM (SELECT $1 AS json_data) pgrst_payload, LATERAL (SELECT "p_application_code" FROM json_to_record(pgrst_payload.json_data) AS _("p_application_code" text) LIMIT $4) pgrst_body , LATERAL (SELECT "public"."assistance_bandeau"("p_application_code" := pgrst_body."p_application_code") pgrst_scalar) pgrst_call) SELECT $5::bigint AS total_result_se
4.5|5.8|21|94|21|WITH pgrst_source AS ( SELECT "public"."devis".*, row_to_json("devis_client_1".*)::jsonb AS "client", row_to_json("devis_chantier_1".*)::jsonb AS "chantier" FROM "public"."devis" LEFT JOIN LATERAL ( SELECT "clients_1"."id", "clients_1"."nom", "clients_1"."prenom", "clients_1"."societe", "clients_1"."email" FROM "public"."clients" AS "clients_1" WHERE "clients_1"."id" = "public"."devis"."client_id
4.3|6.6|21|91|21|WITH pgrst_source AS (SELECT "pgrst_call".* FROM (SELECT $1 AS json_data) pgrst_payload, LATERAL (SELECT "p_entreprise_id" FROM json_to_record(pgrst_payload.json_data) AS _("p_entreprise_id" uuid) LIMIT $4) pgrst_body , LATERAL "public"."employes_delegables_alertes"("p_entreprise_id" := pgrst_body."p_entreprise_id") pgrst_call) SELECT $5::bigint AS total_result_set, pg_catalog.count(_postgrest_t) 
0.4|3.7|231|86|231|WITH pgrst_source AS (SELECT pgrst_call.pgrst_scalar FROM (SELECT "public"."est_plateforme_admin"() pgrst_scalar) pgrst_call) SELECT $3::bigint AS total_result_set, $4 AS page_total, coalesce(json_agg(_postgrest_t.pgrst_scalar)->$5, $6) AS body, nullif(current_setting($7, $8), $9) AS response_headers, nullif(current_setting($10, $11), $12) AS response_status, $13 AS response_inserted FROM (SELECT 
4.0|6.3|21|84|21|select coalesce(jsonb_agg(jsonb_build_object($3, m.cle, $4, m.total) order by m.cle), $5::jsonb) from ( select to_char(date_emission, $6) as cle, sum(montant_ttc) as total from public.devis where entreprise_id = p_entreprise_id and statut <> $7 and date_emission >= (date_trunc($8, p_aujourdhui) - interval $9)::date group by 1 
