0.3|15.5|82047|24433|82047|select not public.session_courante_revoquee() and ( public.est_acces_support_actif(p_entreprise_id) or exists ( select $2 from public.utilisateurs_entreprises ue join public.entreprises e on e.id = ue.entreprise_id where ue.entreprise_id = p_entreprise_id and ue.utilisateur_id = auth.uid() and ue.statut = $3 and e.abonnement_statut not in ($4, $5
0.8|10.0|27405|21056|27405|select not public.session_courante_revoquee() and ( public.est_acces_support_actif(p_entreprise_id) or exists ( select $3 from public.utilisateurs_entreprises ue where ue.utilisateur_id = auth.uid() and ue.entreprise_id = p_entreprise_id and ue.statut = $4 and public.est_membre_actif(p_entreprise_id) and ( (p_permission = $5 and ue.po
0.9|8.3|20265|18617|20265|select public.a_permission(p_entreprise_id,$3) or public.a_permission(p_entreprise_id,$4) or public.a_permission(p_entreprise_id,$5) or exists( select $6 from public.employes e where e.id = p_employe_id and e.entreprise_id = p_entreprise_id and e.utilisateur_id = auth.uid() and e.statut not in ($7,$8) )
590.0|654.6|21|12391|21|WITH pgrst_source AS ( SELECT "public"."pointages"."id", "public"."pointages"."date", "public"."pointages"."heures_normales", "public"."pointages"."heures_supplementaires", "public"."pointages"."tache", "public"."pointages"."verification_statut", row_to_json("pointages_employe_1".*)::jsonb AS "employe" FROM "public"."pointages" LEFT JOIN LATERAL ( SELECT "employes_1"."prenom", "employes_1"."nom" F
509.5|576.9|21|10700|21|WITH pgrst_source AS ( SELECT "public"."pointages"."id", "public"."pointages"."date", "public"."pointages"."heures_normales", "public"."pointages"."heures_supplementaires", "public"."pointages"."latitude", "public"."pointages"."longitude", "public"."pointages"."verification_statut", "public"."pointages"."origine_pointage", "public"."pointages"."commentaire", row_to_json("pointages_employe_1".*)::j
1.5|11.0|4326|6628|4326|select ( public.est_membre_actif(p_entreprise_id) and ( public.a_permission(p_entreprise_id,$3) or public.a_permission(p_entreprise_id,$4) or ( public.a_permission(p_entreprise_id,$5) and exists( select $6 from public.employes e where e.entreprise_id=p_entreprise_id and e.utilisateur_id=auth.uid() and e.s
28.2|42.1|210|5926|210|WITH pgrst_source AS ( SELECT "public"."permissions_poste"."cle_permission" FROM "public"."permissions_poste" WHERE "public"."permissions_poste"."entreprise_id" = $1 AND "public"."permissions_poste"."poste_id" = $2 AND "public"."permissions_poste"."autorise" = $3 LIMIT $4 OFFSET $5 ) SELECT $6::bigint AS total_result_set, pg_catalog.count(_postgrest_t) AS page_total, coalesce(json_agg(_post
132.6|183.8|21|2785|21|WITH pgrst_source AS ( SELECT "public"."pointages"."id", "public"."pointages"."date", "public"."pointages"."heures_normales", "public"."pointages"."heures_supplementaires", "public"."pointages"."tache", "public"."pointages"."commentaire", "public"."pointages"."latitude", "public"."pointages"."longitude", "public"."pointages"."precision_metres", "public"."pointages"."verification_statut", "public".
0.0|5.9|109662|2000|109662|select case when (auth.jwt() ->> $1) ~* $2 then (auth.jwt() ->> $3)::uuid end
78.8|91.5|21|1655|21|WITH pgrst_source AS ( SELECT "public"."affectations"."id", "public"."affectations"."date", "public"."affectations"."heures", "public"."affectations"."tache", "public"."affectations"."type_activite", "public"."affectations"."lieu_activite", row_to_json("affectations_chantier_1".*)::jsonb AS "chantier", row_to_json("affectations_employe_1".*)::jsonb AS "employe" FROM "public"."affectations" LEFT JO
38.5|61.0|42|1619|42|WITH pgrst_source AS ( SELECT "public"."chantiers"."id", "public"."chantiers"."nom" FROM "public"."chantiers" WHERE "public"."chantiers"."entreprise_id" = $1 AND NOT "public"."chantiers"."statut" = ANY ($2) ORDER BY "public"."chantiers"."nom" ASC LIMIT $3 OFFSET $4 ) SELECT $5::bigint AS total_result_set, pg_catalog.count(_postgrest_t) AS page_total, coalesce(json_agg(_postgrest_t), $6) AS b
74.6|105.4|21|1566|21|WITH pgrst_source AS ( SELECT "public"."lignes_devis".* FROM "public"."lignes_devis" WHERE "public"."lignes_devis"."devis_id" = $1 ORDER BY "public"."lignes_devis"."ordre" ASC LIMIT $2 OFFSET $3 ) SELECT $4::bigint AS total_result_set, pg_catalog.count(_postgrest_t) AS page_total, coalesce(json_agg(_postgrest_t), $5) AS body, nullif(current_setting($6, $7), $8) AS response_headers, nullif(cur
54.0|63.9|21|1133|21|WITH pgrst_source AS ( SELECT "public"."lignes_factures".* FROM "public"."lignes_factures" WHERE "public"."lignes_factures"."facture_id" = $1 ORDER BY "public"."lignes_factures"."ordre" ASC LIMIT $2 OFFSET $3 ) SELECT $4::bigint AS total_result_set, pg_catalog.count(_postgrest_t) AS page_total, coalesce(json_agg(_postgrest_t), $5) AS body, nullif(current_setting($6, $7), $8) AS response_heade
5.0|10.0|210|1044|210|WITH pgrst_source AS (SELECT "pgrst_call".* FROM (SELECT $1 AS json_data) pgrst_payload, LATERAL (SELECT "p_entreprise_id" FROM json_to_record(pgrst_payload.json_data) AS _("p_entreprise_id" uuid) LIMIT $4) pgrst_body , LATERAL "public"."applications_autorisees"("p_entreprise_id" := pgrst_body."p_entreprise_id") pgrst_call) SELECT $5::bigint AS total_result_set, pg_catalog.count(_postgrest_t) AS p
46.9|64.8|21|984|21|WITH pgrst_source AS ( SELECT "public"."chantiers"."id", "public"."chantiers"."nom", "public"."chantiers"."statut", "public"."chantiers"."date_fin_prevue" FROM "public"."chantiers" WHERE "public"."chantiers"."entreprise_id" = $1 ORDER BY "public"."chantiers"."updated_at" DESC LIMIT $2 OFFSET $3 ) SELECT $4::bigint AS total_result_set, pg_catalog.count(_postgrest_t) AS page_total, coalesce(jso
4.4|8.3|210|918|0|select a.code,a.nom,$2::text, a.url_locale,a.url_preview,a.url_production,a.icone,$3 from public.applications_elsatia a where a.actif and public.est_plateforme_admin() union all select a.code,a.nom,hu.role_code, a.url_locale,a.url_preview,a.url_production,a.icone,$4 from public.applications_elsatia a join public.habilitations_applications_utilisateurs hu on hu.a
43.3|72.6|21|909|21|WITH pgrst_source AS (SELECT pgrst_call.pgrst_scalar FROM (SELECT $1 AS json_data) pgrst_payload, LATERAL (SELECT "p_entreprise_id", "p_recherche", "p_statut", "p_page", "p_taille" FROM json_to_record(pgrst_payload.json_data) AS _("p_entreprise_id" uuid, "p_recherche" text, "p_statut" text, "p_page" integer, "p_taille" integer) LIMIT $4) pgrst_body , LATERAL (SELECT "public"."devis_liste_paginee"(
40.1|45.6|21|842|21|WITH pgrst_source AS (SELECT pgrst_call.pgrst_scalar FROM (SELECT $1 AS json_data) pgrst_payload, LATERAL (SELECT "p_entreprise_id", "p_recherche", "p_statut", "p_page", "p_taille" FROM json_to_record(pgrst_payload.json_data) AS _("p_entreprise_id" uuid, "p_recherche" text, "p_statut" text, "p_page" integer, "p_taille" integer) LIMIT $4) pgrst_body , LATERAL (SELECT "public"."chantiers_liste_pagin
39.8|68.7|21|836|21|select coalesce(jsonb_agg(jsonb_build_object( $12, sub.id, $13, sub.numero, $14, sub.statut, $15, sub.date_emission, $16, sub.montant_ttc, $17, sub.client_nom, $18, sub.client_prenom, $19, sub.client_societe, $20, case when public.peut_consulter_chantier(p_entreprise_id, sub.chantier_id) then sub.chantier_nom else $21 end ) order by s
37.5|43.4|21|789|21|select coalesce(jsonb_agg(jsonb_build_object( $12, sub.id, $13, sub.reference_interne, $14, sub.nom, $15, sub.ville, $16, sub.statut, $17, sub.client_nom, $18, sub.client_prenom, $19, sub.client_societe ) order by sub.created_at desc), $20::jsonb), coalesce(max(sub.total_count), $21) from ( select c.id, c.reference
0.0|4.1|110082|781|110082|select auth.uid() is not null and exists( select $2 from public.plateforme_acces_entreprises s join public.plateforme_admins pa on pa.utilisateur_id = auth.uid() and pa.actif and pa.statut_identite = $3 and pa.role in ($4,$5) where s.plateforme_user_id = auth.uid() and s.entreprise_id = p_entreprise_id and s.termine_at is null and s.commence_a
0.7|3.2|1071|744|1071|select auth.uid() is not null and ( ( public.est_plateforme_admin() and exists(select $3 from public.applications_elsatia a where a.code=p_application_code and a.actif) ) or ( p_entreprise_id is not null and public.est_membre_actif(p_entreprise_id) and exists( select $4 from public.acces_applications_entreprises ae j
29.0|46.5|21|610|21|WITH pgrst_source AS ( SELECT "public"."notifications_utilisateurs"."id", "public"."notifications_utilisateurs"."titre", "public"."notifications_utilisateurs"."message", "public"."notifications_utilisateurs"."lien", "public"."notifications_utilisateurs"."niveau", "public"."notifications_utilisateurs"."created_at" FROM "public"."notifications_utilisateurs" WHERE "public"."notifications_utilisateu
23.1|36.6|21|484|21|WITH pgrst_source AS ( SELECT "public"."affectations"."id", "public"."affectations"."date", "public"."affectations"."heures", "public"."affectations"."tache", row_to_json("affectations_chantier_1".*)::jsonb AS "chantier", row_to_json("affectations_employe_1".*)::jsonb AS "employe" FROM "public"."affectations" LEFT JOIN LATERAL ( SELECT "chantiers_1"."nom" FROM "public"."chantiers" AS "chantiers_1"
17.5|21.7|21|367|21|WITH pgrst_source AS ( SELECT "public"."pointages"."date", "public"."pointages"."heures_normales", "public"."pointages"."heures_supplementaires", "public"."pointages"."verification_statut", "public"."pointages"."employe_id", "public"."pointages"."chantier_id" FROM "public"."pointages" WHERE "public"."pointages"."entreprise_id" = $1 AND "public"."pointages"."date" >= $2 AND "public"."pointages"
1.3|4.1|210|264|210|WITH pgrst_source AS (SELECT pgrst_call.pgrst_scalar FROM (SELECT $1 AS json_data) pgrst_payload, LATERAL (SELECT "p_droits_acces", "p_droits_gestion" FROM json_to_record(pgrst_payload.json_data) AS _("p_droits_acces" text[], "p_droits_gestion" text[]) LIMIT $4) pgrst_body , LATERAL (SELECT "public"."contexte_acces_proxy"("p_droits_acces" := pgrst_body."p_droits_acces", "p_droits_gestion" := pgrst
1.1|3.3|210|234|210|WITH pgrst_source AS ( SELECT "public"."utilisateurs_entreprises"."poste_id", "public"."utilisateurs_entreprises"."pointage_personnel_actif" FROM "public"."utilisateurs_entreprises" WHERE "public"."utilisateurs_entreprises"."utilisateur_id" = $1 AND "public"."utilisateurs_entreprises"."entreprise_id" = $2 AND "public"."utilisateurs_entreprises"."statut" = $3 LIMIT $4 OFFSET $5 ) SELECT $6::
1.1|5.1|210|232|210|WITH pgrst_source AS ( SELECT "public"."entreprises"."option_ia_statut", "public"."entreprises"."option_ia_essai_fin", "public"."entreprises"."abonnement_offre" FROM "public"."entreprises" WHERE "public"."entreprises"."id" = $1 LIMIT $2 OFFSET $3 ) SELECT $4::bigint AS total_result_set, pg_catalog.count(_postgrest_t) AS page_total, coalesce(json_agg(_postgrest_t), $5) AS body, nullif(current_
1.0|5.8|210|210|210|WITH pgrst_source AS ( SELECT "public"."entreprises"."abonnement_offre" FROM "public"."entreprises" WHERE "public"."entreprises"."id" = $1 LIMIT $2 OFFSET $3 ) SELECT $4::bigint AS total_result_set, pg_catalog.count(_postgrest_t) AS page_total, coalesce(json_agg(_postgrest_t), $5) AS body, nullif(current_setting($6, $7), $8) AS response_headers, nullif(current_setting($9, $10), $11) AS respon
9.9|15.4|21|207|21|WITH pgrst_source AS ( SELECT "public"."documents_chantier"."id", "public"."documents_chantier"."nom", "public"."documents_chantier"."categorie", "public"."documents_chantier"."note", "public"."documents_chantier"."mime_type", "public"."documents_chantier"."audience", "public"."documents_chantier"."created_at" FROM "public"."documents_chantier" WHERE "public"."documents_chantier"."chantier_id" =
9.6|16.2|21|201|21|WITH pgrst_source AS (SELECT pgrst_call.pgrst_scalar FROM (SELECT $1 AS json_data) pgrst_payload, LATERAL (SELECT "p_entreprise_id", "p_aujourdhui" FROM json_to_record(pgrst_payload.json_data) AS _("p_entreprise_id" uuid, "p_aujourdhui" date) LIMIT $4) pgrst_body , LATERAL (SELECT "public"."dashboard_indicateurs"("p_entreprise_id" := pgrst_body."p_entreprise_id", "p_aujourdhui" := pgrst_body."p_au
0.9|3.5|210|192|210|WITH pgrst_source AS ( SELECT "public"."utilisateurs_entreprises"."statut" FROM "public"."utilisateurs_entreprises" WHERE "public"."utilisateurs_entreprises"."utilisateur_id" = $1 AND "public"."utilisateurs_entreprises"."entreprise_id" = $2 LIMIT $3 OFFSET $4 ) SELECT $5::bigint AS total_result_set, pg_catalog.count(_postgrest_t) AS page_total, coalesce(json_agg(_postgrest_t), $6) AS body, n
2.2|7.8|84|186|84|select exists(select $2 from public.documents_chantier d where d.id=p_document_id and public.est_membre_actif(d.entreprise_id) and ( public.a_permission(d.entreprise_id,$3) or exists( select $4 from public.employes e join public.equipes_chantiers ec on ec.employe_id=e.id and ec.entreprise_id=e.entreprise_id where e.utilisateur_id=auth.uid() and ec.chantier_id=d.chantier_id and (ec.date_
0.9|3.9|210|184|210|WITH pgrst_source AS (SELECT "pgrst_call".* FROM "public"."contexte_abonnement_courant"() pgrst_call) SELECT $3::bigint AS total_result_set, pg_catalog.count(_postgrest_t) AS page_total, coalesce(json_agg(_postgrest_t), $4) AS body, nullif(current_setting($5, $6), $7) AS response_headers, nullif(current_setting($8, $9), $10) AS response_status, $11 AS response_inserted FROM (SELECT "record".* FROM
1.0|2.6|189|181|189|WITH pgrst_source AS ( SELECT "public"."entreprises"."abonnement_offre", "public"."entreprises"."abonnement_statut", "public"."entreprises"."abonnement_essai_debut", "public"."entreprises"."abonnement_essai_fin" FROM "public"."entreprises" WHERE "public"."entreprises"."id" = $1 LIMIT $2 OFFSET $3 ) SELECT $4::bigint AS total_result_set, pg_catalog.count(_postgrest_t) AS page_total, coalesce(j
4.0|7.8|42|168|42|WITH pgrst_source AS ( SELECT "public"."employes"."id", "public"."employes"."prenom", "public"."employes"."nom" FROM "public"."employes" WHERE "public"."employes"."entreprise_id" = $1 AND "public"."employes"."statut" = $2 ORDER BY "public"."employes"."nom" ASC LIMIT $3 OFFSET $4 ) SELECT $5::bigint AS total_result_set, pg_catalog.count(_postgrest_t) AS page_total, coalesce(json_agg(_postgres
0.0|0.9|109662|140|109662|select exists ( select $1 from public.sessions_revoquees s where s.session_id = public.session_jwt_courante() )
6.0|12.3|21|125|21|WITH pgrst_source AS ( SELECT "public"."employes"."id" FROM "public"."employes" WHERE "public"."employes"."entreprise_id" = $1 AND "public"."employes"."statut" = $2 LIMIT $3 OFFSET $4 ) SELECT $5::bigint AS total_result_set, pg_catalog.count(_postgrest_t) AS page_total, coalesce(json_agg(_postgrest_t), $6) AS body, nullif(current_setting($7, $8), $9) AS response_headers, nullif(current_setti
0.0|0.3|4263|109|4263|select set_config('search_path', $1, true), set_config('role', $2, true), set_config('request.jwt.claims', $3, true), set_config('request.method', $4, true), set_config('request.path', $5, true), set_config('request.headers', $6, true), set_config('request.cookies', $7, true)
0.5|1.7|210|102|210|WITH pgrst_source AS (SELECT pgrst_call.pgrst_scalar FROM (SELECT $1 AS json_data) pgrst_payload, LATERAL (SELECT "p_entreprise_id" FROM json_to_record(pgrst_payload.json_data) AS _("p_entreprise_id" uuid) LIMIT $4) pgrst_body , LATERAL (SELECT "public"."est_acces_support_actif"("p_entreprise_id" := pgrst_body."p_entreprise_id") pgrst_scalar) pgrst_call) SELECT $5::bigint AS total_result_set, $6 A
4.8|6.2|21|100|21|WITH pgrst_source AS (SELECT pgrst_call.pgrst_scalar FROM (SELECT $1 AS json_data) pgrst_payload, LATERAL (SELECT "p_chantier_gp_id" FROM json_to_record(pgrst_payload.json_data) AS _("p_chantier_gp_id" uuid) LIMIT $4) pgrst_body , LATERAL (SELECT "public"."reserves_etat_chantier_gp"("p_chantier_gp_id" := pgrst_body."p_chantier_gp_id") pgrst_scalar) pgrst_call) SELECT $5::bigint AS total_result_set
4.7|8.2|21|98|21|WITH pgrst_source AS ( SELECT "public"."employes"."id", "public"."employes"."prenom", "public"."employes"."nom", "public"."employes"."poste" FROM "public"."employes" WHERE "public"."employes"."entreprise_id" = $1 AND NOT "public"."employes"."statut" = ANY ($2) ORDER BY "public"."employes"."nom" ASC LIMIT $3 OFFSET $4 ) SELECT $5::bigint AS total_result_set, pg_catalog.count(_postgrest_t) AS 
0.4|2.8|210|90|210|WITH pgrst_source AS (SELECT pgrst_call.pgrst_scalar FROM (SELECT $1 AS json_data) pgrst_payload, LATERAL (SELECT "p_application_code" FROM json_to_record(pgrst_payload.json_data) AS _("p_application_code" text) LIMIT $4) pgrst_body , LATERAL (SELECT "public"."assistance_bandeau"("p_application_code" := pgrst_body."p_application_code") pgrst_scalar) pgrst_call) SELECT $5::bigint AS total_result_se
4.2|5.7|21|88|21|WITH pgrst_source AS ( SELECT "public"."chantiers".*, row_to_json("chantiers_client_1".*)::jsonb AS "client", row_to_json("chantiers_type_1".*)::jsonb AS "type" FROM "public"."chantiers" LEFT JOIN LATERAL ( SELECT "clients_1"."id", "clients_1"."nom", "clients_1"."prenom", "clients_1"."societe" FROM "public"."clients" AS "clients_1" WHERE "clients_1"."id" = "public"."chantiers"."client_id" LIMIT
4.2|7.9|21|88|21|WITH pgrst_source AS ( SELECT "public"."factures".*, row_to_json("factures_client_1".*)::jsonb AS "client", row_to_json("factures_chantier_1".*)::jsonb AS "chantier", row_to_json("factures_devis_1".*)::jsonb AS "devis" FROM "public"."factures" LEFT JOIN LATERAL ( SELECT "clients_1"."id", "clients_1"."nom", "clients_1"."prenom", "clients_1"."societe", "clients_1"."email" FROM "public"."clients" AS 
0.4|1.3|210|86|210|select e.id,e.nom,e.reference_interne,e.logo_url,e.abonnement_statut, e.abonnement_echeance,e.abonnement_essai_debut,e.abonnement_essai_fin, e.suspension_prevue_at,e.impaye_message,public.est_acces_support_actif(e.id) from public.utilisateurs u join public.entreprises e on e.id=u.entreprise_active_id where u.id=auth.uid()
4.1|5.7|21|85|21|WITH pgrst_source AS ( SELECT "public"."devis".*, row_to_json("devis_client_1".*)::jsonb AS "client", row_to_json("devis_chantier_1".*)::jsonb AS "chantier" FROM "public"."devis" LEFT JOIN LATERAL ( SELECT "clients_1"."id", "clients_1"."nom", "clients_1"."prenom", "clients_1"."societe", "clients_1"."email" FROM "public"."clients" AS "clients_1" WHERE "clients_1"."id" = "public"."devis"."client_id
0.3|1.1|231|72|231|WITH pgrst_source AS (SELECT pgrst_call.pgrst_scalar FROM (SELECT "public"."est_plateforme_admin"() pgrst_scalar) pgrst_call) SELECT $3::bigint AS total_result_set, $4 AS page_total, coalesce(json_agg(_postgrest_t.pgrst_scalar)->$5, $6) AS body, nullif(current_setting($7, $8), $9) AS response_headers, nullif(current_setting($10, $11), $12) AS response_status, $13 AS response_inserted FROM (SELECT 
3.4|4.8|21|71|21|WITH pgrst_source AS (SELECT "pgrst_call".* FROM (SELECT $1 AS json_data) pgrst_payload, LATERAL (SELECT "p_entreprise_id" FROM json_to_record(pgrst_payload.json_data) AS _("p_entreprise_id" uuid) LIMIT $4) pgrst_body , LATERAL "public"."chantiers_pointage_disponibles"("p_entreprise_id" := pgrst_body."p_entreprise_id") pgrst_call) SELECT $5::bigint AS total_result_set, pg_catalog.count(_postgrest_
3.1|4.6|21|66|21|WITH pgrst_source AS (SELECT pgrst_call.pgrst_scalar FROM (SELECT $1 AS json_data) pgrst_payload, LATERAL (SELECT "p_entreprise_id", "p_recherche", "p_statut", "p_page", "p_taille" FROM json_to_record(pgrst_payload.json_data) AS _("p_entreprise_id" uuid, "p_recherche" text, "p_statut" text, "p_page" integer, "p_taille" integer) LIMIT $4) pgrst_body , LATERAL (SELECT "public"."factures_liste_pagine
2.7|4.9|21|58|21|WITH pgrst_source AS (SELECT pgrst_call.pgrst_scalar FROM (SELECT $1 AS json_data) pgrst_payload, LATERAL (SELECT "p_entreprise_id", "p_chantier_id" FROM json_to_record(pgrst_payload.json_data) AS _("p_entreprise_id" uuid, "p_chantier_id" uuid) LIMIT $4) pgrst_body , LATERAL (SELECT "public"."peut_consulter_chantier"("p_entreprise_id" := pgrst_body."p_entreprise_id", "p_chantier_id" := pgrst_body.
2.1|5.6|21|45|21|WITH pgrst_source AS (SELECT "pgrst_call".* FROM (SELECT $1 AS json_data) pgrst_payload, LATERAL (SELECT "p_entreprise_id" FROM json_to_record(pgrst_payload.json_data) AS _("p_entreprise_id" uuid) LIMIT $4) pgrst_body , LATERAL "public"."employes_delegables_alertes"("p_entreprise_id" := pgrst_body."p_entreprise_id") pgrst_call) SELECT $5::bigint AS total_result_set, pg_catalog.count(_postgrest_t) 
2.1|2.9|21|44|0|with employe_courant as ( select e.id from public.employes e where e.entreprise_id=p_entreprise_id and e.utilisateur_id=auth.uid() and e.statut=$2 limit $3 ), accessibles as ( select c.id,c.nom, case when exists(select $4 from public.affectations a,employe_courant e where a.entreprise_id=p_entreprise_id and a.employe_id=e.id and a.chantier_id=c.id and a.date=current_date) then $5 
1.0|3.0|42|43|42|WITH pgrst_source AS ( SELECT "public"."employes"."id", "public"."employes"."signature_storage_path" FROM "public"."employes" WHERE "public"."employes"."entreprise_id" = $1 AND "public"."employes"."utilisateur_id" = $2 LIMIT $3 OFFSET $4 ) SELECT $5::bigint AS total_result_set, pg_catalog.count(_postgrest_t) AS page_total, coalesce(json_agg(_postgrest_t), $6) AS body, nullif(current_setting(
0.9|1.6|42|38|42|WITH pgrst_source AS ( SELECT "public"."entreprises"."suivi_zone_actif", "public"."entreprises"."suivi_zone_frequence_minutes" FROM "public"."entreprises" WHERE "public"."entreprises"."id" = $1 LIMIT $2 OFFSET $3 ) SELECT $4::bigint AS total_result_set, pg_catalog.count(_postgrest_t) AS page_total, coalesce(json_agg(_postgrest_t), $5) AS body, nullif(current_setting($6, $7), $8) AS response_h
1.3|3.5|21|27|168|select e.id, e.prenom, e.nom, coalesce(array_agg(pp.cle_permission) filter (where pp.autorise), $2) from public.employes e join public.utilisateurs_entreprises ue on ue.utilisateur_id = e.utilisateur_id and ue.entreprise_id = e.entreprise_id left join public.permissions_poste pp on pp.entreprise_id = ue.entreprise_id and pp.poste_id = ue.poste_id where public.est_membre_actif(p
1.2|2.0|21|26|0|select h.role_code from public.habilitations_applications_utilisateurs h join public.roles_applications_elsatia r on r.application_code = h.application_code and r.code = h.role_code and r.actif where h.entreprise_id = p_entreprise_id and h.utilisateur_id = auth.uid() and h.application_code = $2 and h.autorise and (h.valide_du is null or h.valide_du <= now()) and (h.va
0.0|0.6|1764|23|1764|select auth.uid() is not null and exists( select $1 from public.plateforme_admins where utilisateur_id = auth.uid() and actif and statut_identite = $2 )
1.0|3.0|21|22|21|WITH pgrst_source AS ( SELECT "public"."codes_identification"."id", "public"."codes_identification"."code" FROM "public"."codes_identification" WHERE "public"."codes_identification"."entreprise_id" = $1 AND "public"."codes_identification"."type_ressource" = $2 AND "public"."codes_identification"."ressource_id" = $3 AND "public"."codes_identification"."actif" = $4 LIMIT $5 OFFSET $6 ) SELEC
1.0|1.7|21|20|21|WITH pgrst_source AS ( SELECT "public"."employes"."id", "public"."employes"."prenom", "public"."employes"."nom" FROM "public"."employes" WHERE "public"."employes"."entreprise_id" = $1 AND "public"."employes"."statut" = $2 AND "public"."employes"."utilisateur_id" = $3 ORDER BY "public"."employes"."nom" ASC LIMIT $4 OFFSET $5 ) SELECT $6::bigint AS total_result_set, pg_catalog.count(_postgres
