1790628522	6136	38156	743588
1790628523	6136	47460	1264400
1790628524	6136	57492	1448196
1790628525	6136	58512	1511344
1790628526	6136	58588	1511764
1790628527	6136	58864	1511764
1790628528	6136	58864	1511764
1790628529	6136	58544	1518748
1790628530	6136	58976	1895728
1790628531	6136	59992	2125116
1790628532	6136	60516	2222828
1790628533	6136	60884	2211612
1790628535	6136	61368	2227136
1790628536	6136	61560	2231464
1790628537	6136	61804	2231664
1790628538	6136	61740	2231796
1790628539	6136	61812	2236796
1790628540	6136	61744	2173612
1790628541	6136	62204	2173612
1790628542	6136	62024	2173612
1790628543	6136	62076	2173656
1790628544	6136	61940	2173896
1790628545	6136	62104	2174508
1790628546	6136	63540	2202328
1790628547	6136	64516	2203768
1790628548	6136	66068	2204728
1790628549	6136	65888	2204528
1790628550	6136	66756	2204776
1790628551	6136	67104	2204776
1790628552	6136	65920	2204860
1790628553	6136	65928	2215332
1790628554	6136	65956	2330320
1790628556	6136	66136	2339388
1790628557	6136	66212	2341408
1790628558	6136	66148	2341508
1790628559	6136	66008	2341508
1790628560	6136	66304	2341508
1790628561	6136	66048	2341508
1790628562	6136	66280	2341508
1790628563	6136	66100	2341512
1790628564	6136	66600	2316316
1790628565	6136	66600	2316316
1790628566	6136	66744	2316316
1790628567	6136	66796	2316316
1790628568	6136	66796	2316316
1790628569	6136	66172	2316316
1790628570	6136	66744	2340948
1790628571	6136	66920	2340744
1790628572	6136	67316	2341712
1790628573	6136	68784	2342584
1790628575	6136	68364	2341072
1790628576	6136	68072	2341072
1790628577	6136	68072	2341372
1790628578	6136	68604	2341452
1790628579	6136	69144	2341788
1790628580	6136	72940	2343948
1790628581	6136	72968	2349980
1790628582	6136	73028	2350332
1790628583	6136	72856	2350436
1790628584	6136	72884	2350436
1790628585	6136	73188	2350436
1790628586	6136	73260	2350436
1790628587	6136	73164	2350436
1790628588	6136	73244	2350436
1790628589	6136	72876	2350436
1790628590	6136	72856	2350436
1790628591	6136	73052	2350476
1790628592	6136	72948	2350536
